,Unnamed: 0,type,category,star,review_
0,1,맥북 에어 2020년형 M1 256G 스페이스 그레이 MGN63KH/A,별점,5,맥북 말해뭐합니까    너무 예쁘고요   영롱하고요   그냥 보기만해도 힐링입니다 음질은 또 얼마나 좋은지 음악 들을때마다 고막이 힐링이에요 다만 저는 게임을 즐겨하는편이 아님에도 가끔 카트라이더가 하고싶은데 게임이 안된다는 단점만 빼면 완벽합니다 
1,2,맥북 에어 2020년형 M1 256G 스페이스 그레이 MGN63KH/A,별점,5,딸아이가 평소 넘 갖고 싶어 하는건데  세일한다고 이 기회 놓치기 싫다고 하더군요   모아놓은 용돈이 부족하여 제가 조금 빌려줬네요  하루만에 배송된 맥북을 보고 어찌나 좋아라 하는지  다른 노트북이 있지만  이게 더 맘에 든다는군요      잘 모르는 저로써는 차이가 먼가 싶지만  좋아하는 아이얼굴을 보니 사길 잘한것 같네요
2,3,맥북 에어 2020년형 M1 256G 스페이스 그레이 MGN63KH/A,별점,5,선물용으로 구매했는데  선물주인이 아주 행복해하네요   배송도 안전하고 신속하게 진행되었고  제조일이 구매일과 같은 달 상품이라 왠지모를 안심이 되더라구요  선물증정식 후 언박싱 했을 때 맥북에어의 영롱함   특히 스페이스그레이만의 고급짐에 감탄했어요  애플이 애플 했네요    사용하시는 분이 평소에 영상을 많이 보는데  화질 음질이 너무 좋대요  키보드의 촉감도 가볍고  무엇보다 오래 사용해도 발열이 심하지 않은 점이 제일 장점인 것 같아요  애플제품 치고 성능대비 가격이 합리적인 편인데  SSG 현대카드 혜택이 많길래 신규발급 후 기본할인에 청구할인까지 받으니 감동적인 금액에 구입할 수 있었어요  한가지 아쉬운 점은  선물용으로 구매하시는 분들이 있는 것 같은데 선물용 종이가방이 옵션으로 있으면 좋을 것 같아요  좋은제품 구매할 수 있게 해 주셔서 감사합니다  소중한 사람에게 간지와 삶의 질 향상을 동시에 전해주어 뿌듯함과 희열을 느낍니다  앞으로 나올 신제품들도 너무너무 기대되네요 
3,4,맥북 에어 2020년형 M1 256G 스페이스 그레이 MGN63KH/A,별점,5,실버와 스페이스그레이 중 고민고민하다 결국 스그로 구매했습니다  생각지도 못했는데 배송도 정말 빨라서 좋았어요  그간 윈도 기반 랩탑만 쓰다가 처음 맥북을 구매하게 되었는데 좋은 기회에 잘 구입한 것 같아요  아직 사용법을 익혀나가느라 솔직히 구체적으로 뭐가 좋다고 기재하긴 어렵지만 기분은 정말 좋네요  잘 쓸게요  
4,5,맥북 에어 2020년형 M1 256G 스페이스 그레이 MGN63KH/A,별점,5,저렴하게 좋은 제품 잘구한거 같습니다  이쁘고 좋네요    배송도 매우 빠르고 친절해서 좋았습니다  감사합니다 잘쓸게요   역시 맥북  이제 스타벅스 입장이 가능하겟네요    살려고 굉장히 여러군데를 꽤나 오래 알아봤는데  ssg 닷컴에서 카드 결제로 했을때가 결론적으로 제일 저렴하더군요  당근마켓이나 중고나라보다 싸니   그리고 할부도 가능하니 확실히 유리한것 같았습니다  다른 제품과 고민을 많이 했는데 후회없는 선택이었습니다  아무래도 요즘 노트북값도 굉장히 비싼데  저렴하게 잘 구매한것 같습니다  마음에 듭니다  여러분도 스팟으로 가끔 ssg닷컴에서 특가로 뜨니까 기회를 노려보세요  선물하기도 좋고  직접 쓰셔도 좋을거고  심지어 되팔이를 해도 남을 가격에 저는 구한것 같네요  그렇다고 되팔진 않고 제가 직접 쓸겁니다  다음에 이런 기회가 다시 온다면 그때는 또 구매해서 가족에게 선물하고 싶을만큼 잘 구하지 않았나 생각합니다  저렴하게 주신 애플과 ssg닷컴에 감사드리며 잘쓰도록 하겠습니다  다시 한번 감사드립니다  부족한 리뷰 잘봐주셔서 감사합니다   
5,6,맥북 에어 2020년형 M1 256G 스페이스 그레이 MGN63KH/A,별점,5,삼성만 쓰다가 처음으로 맥북 구매했는데 이미 아이폰이나 아이패드 사용중이라 연동이 쉽게 되는 맥북 구매했어요 m1 모델이 가성비 좋다고 추천 많이 하던데 이유가 있었네요 유튜브나 블로그 보면서 금방 쉽게 입문했습니다 카드할인으로 다른곳보다 저렴하게 산듯  15인치 쓰다가 13인치로 넘어오니까 확 작아진 느낌이지만 이것도 빨리 적응되겠죠 그리고 팬이 없다고 해서 발열 걱정했는데 사용한지 2주일 정도 되는데 한번도 못느꼈어요 배터리도 오래가구요 저같이 기본 문서작업  웹서핑  등 무거운 프로그램 안쓰는 분들에게는 최고인듯   이제 앱등이 다 됐네요
6,7,맥북 에어 2020년형 M1 256G 스페이스 그레이 MGN63KH/A,별점,5,배송진짜 빨라요 시키고 담날에 왔어요   딱 박스 받자마자 설렘이    애플만의 포장뜯는 재미가있어욬 딱 뜯자마자 진짜 스페이스 그레이 색상의 맥북이 두두등장했습니다윈도우쓰다가 맥북으로 넘어가서 그런지 살짝 어렵기도 하지만 트랙패드가 진짜 신세계입니다 진짜 사길 잘했습니다 사실 쿠빵이랑 위메쁘에선 품절이나서 아이폰 12pro샀던곳엔 재고가 남아있나해서 다행히 남아있더라구요 그래서 바로 flex했습니다 진짜 맥북맥북하는 이유가 있네요
7,8,맥북 에어 2020년형 M1 256G 스페이스 그레이 MGN63KH/A,별점,5,애플의 M1 칩이 적용된 첫 에어 제품은 가성비와 성능을 겸비한 다재다능한 물건입니다  발열 적고 조용하면서 성능과 휴대성  그리고 무엇보다 중요한 건 디자인이 돋보이는 제품이다  윈도우 제품중 이만한 제품을 찾기는 어려울것 같다 
8,9,맥북 에어 2020년형 M1 256G 스페이스 그레이 MGN63KH/A,별점,5,m1칩 걱정을 많이했지만 현재 배송받고 한달째 쓰고있는데 제가 쓰고있는 고성능 노트북보다 로딩과 스로틀링이 정말 적습니다발열같은경우에는 정말 많이 잡혔지만 장시간 사용하게되면 프로모델보단 발열이 많은건 어쩔수없네요 팬리스모델이라    하지만 소음이 거의없다고 할정도로 조용합니다 최고입니다
9,10,맥북 에어 2020년형 M1 256G 스페이스 그레이 MGN63KH/A,별점,5,배송은 다음날 바로 도착했습니다아이패드랑 고민하다가  아이패드12 9가 맥북에어랑 비슷한 가격이라     구매했는데 만족스럽습니다 맥은 처음이라 고민했지만 조금만 찾아보면 금방 배울수있더라고요  단축키와 터치패드 덕분에 윈도우보다 더 편리합니다  그리고 게임하시려면 정말 간단한거 정도만 생각하셔야합니다  문명6돌리면 금방 뜨거워져요어쨌든 최고입니다 
10,11,맥북 에어 2020년형 M1 256G 스페이스 그레이 MGN63KH/A,별점,5,윈도우만 쓰다가 가볍고  조용하고  배터리 오래간다는 소문을 듣고 주문했습니다  걱정은 했지만  생각보다 적응하는데 어렵지 않았고  이야기대로 조용하고  오래가고  빠릿했습니다  무게는 사이즈 대비 가볍지는 않았습니다만  단단한 느낌이 좋았습니다  MS 오피스 2019  한글2014 for MAC  파이널 컷 프로  포토샵2021  라이트룸 사용 시 적응 어렵지않고  울트라북으로서는 훌륭한 작업성을 보여주었습니다  저는 만족하고 추천할 수 있을 것 같습니다 
11,12,맥북 에어 2020년형 M1 256G 스페이스 그레이 MGN63KH/A,별점,5,아침 구매 후 약 한시간 후 배송 준비되는 것 보고 빠르다고 느꼈습니다   디자인의 애플입니다만  이전 제품과 다르지는 않습니다 구관이 명관이라고 충분히 좋습니다   성능은 유튜브를 보면 충분히 알 수 있듯 최강의 울트라북입니다   다만  더욱 느낄 수 있는 것은 낮은 발열과 밝은 모니터입니다   1 3 킬로그램의 무게와 알루미늄 바디는 약간 묵직한 느낌을 줍니다   충전선은 1 미터로 충분한 길이입니다   앱 생태계는 즐기기위한 것보다는 간단한 업무 위주의 사용으로 하는 것이 좋습니다   만족스럽습니다 
12,13,맥북 에어 2020년형 M1 256G 스페이스 그레이 MGN63KH/A,별점,5,미쳤다 배송 진짜 미쳤어요 어제 3 4시쯤 한참 고민하다가 방학 때 번 돈으로 벌벌떨면서 샀는데 오늘 12시쯤 배송와서 잘 못 본 줄 알았어요개봉할 땐 맥북 한 번도 안 써봐서 어떡하지 싶고 괜히샀나 싶었는데 개봉하고 계정 등록도 하고 동기화도 시키고 하니까 2시간만에 편안해졌습니다  아이패드 쓰는 기분 같기도 하도 암튼 왜 이제 샀을까 싶네요  os운영체제가 낯설지 않은 아이폰 아이패드 유저여서 맥북으로 온 이상 윈도우는 공동인증서 같은 문제 아닌 이상 안 넘어갈 거 같습니당   당분간은 이 맥북과 이전 윈도우 노트북 두 대를 왔다갔다하면 쓸 생각인네 아무튼 너무 좋아요 아 물론 악세서리나 부수적으로 필요한 것들  프로그램 구매하느라 돈 추가로 깨지는 건 마음아픈 일이지만 뭐 어쩌겠습니까암튼 맥북 최고만족
13,14,맥북 에어 2020년형 M1 256G 스페이스 그레이 MGN63KH/A,별점,5,맥북에어 너무 만족하면서 쓰고있어요  첫 노트북이기도하고  맥os 체계가 걱정되었는데 한달 써보니 일반 노트북 샀으면 후회할뻔했어요  팬리스라 소음도 없고  아이폰 쓰시는 분들은 연동이 잘되서 사진작업 너무 편하게 옮길 수 있어요 
14,15,맥북 에어 2020년형 M1 256G 스페이스 그레이 MGN63KH/A,별점,5,세   세상에나 제가 위메프체험단 BEST우수후기 리뷰어로 당첨되어 경품을 받게 되었어요   위메프체험단 BEST 우수 후기 리뷰어는 후기 좋은 리뷰어를 선정하여 추첨을 통해 뽑는거라    운인데요  위메프체험단 4기 당첨이 부러워서 저도 우수 리뷰어 글을 검색하기도 했었죠  이번은 기대를 안했어요  왜냐면 워낙 참여하는 사람도 많아서 위메프체험단 5기에 참여하는데 의의를 뒀거든요  진짜    대박이에요  당첨 전화 받고도 믿기지않았어요     위메프체험단 5기 BEST우수후기리뷰어 선정에 감사드립니다  위메프체험단 전산 문제로인해서 저도 이번에 문자를 늦게 받아서 무료체험제품은 원하는 걸 선택하지 못 했거든요  그럼에도 무료체험제품 정성껏 후기 쓰고  내돈내산으로 청소기를 주문해서 정성껏 후기를 썼더니 이런 행운이 따른 것 같아요  2021년에 좋은 일이 생겨서 너무 좋네요  여러분도 위메프체험단에 꼭 참여하세요   위메프체험단 감사합니다     위메프체험단5기 BEST우수후기리뷰어로 선정되어 상품을 지원받아 작성하는 후기입니다  
15,16,맥북 에어 2020년형 M1 256G 스페이스 그레이 MGN63KH/A,별점,5,제품이 없어서 배송은 느렸지만 입고 전에도 연락 주셨고  입고 된 날 바로 퀵으로 보내줬어요     고맙습니다   제품은 발열도  소리도 없어요 이게 노트북인가 싶네요    호환되는 프로그램은 좀 적다는거 아시죠 다들  일반 MS 오피스는 문제 없지만 한글 이런건 불편한 경우가 많아요  게임도 앱스토어에서 받는거 아님 윈도우용 이런건 안될경우가 많아요 
16,17,맥북 에어 2020년형 M1 256G 스페이스 그레이 MGN63KH/A,별점,5,배송 엄청 빠르네요  포장도 꼼꼼합니다  많이파세요
17,18,맥북 에어 2020년형 M1 256G 스페이스 그레이 MGN63KH/A,별점,5,너무 잘 사용 중입니다  추천드려요
18,19,맥북 에어 2020년형 M1 256G 스페이스 그레이 MGN63KH/A,별점,5,택배보내시기 전에 방문하여 직접 수령하였습니다  친절한 설명 감사드려요  포장 깨끗하고 양품이네요  잘 사용하겠습니다  포장에 젤리 넣어주시는 센스   좀 기다리기는 했지만 빨리 받았어요   
19,20,맥북 에어 2020년형 M1 256G 스페이스 그레이 MGN63KH/A,별점,5,배송이 늦긴 했지만 명불허전 이네요  공홈 교육할인보다 저렴하게 구입했어요  M1 맥북에어 기대가 큽니다 
20,21,맥북 에어 2020년형 M1 256G 스페이스 그레이 MGN63KH/A,별점,5,배송 만족합니다 하자가 전혀 없었어요 노트북 필요해서 여러 노트북이랑 비교 중 이번 맥북에어가 가성비 좋게 잘 나왔다고 해서 구매했는데 정말 만족하면서 쓰고 있습니다
21,22,맥북 에어 2020년형 M1 256G 스페이스 그레이 MGN63KH/A,별점,5,맥북 너무 영롱해요 윈도우만 써봤는데 열심히 적응해보도록 하겠숩니다
22,23,맥북 에어 2020년형 M1 256G 스페이스 그레이 MGN63KH/A,별점,5,너무 좋아욤 갖고싶은거였는데 좋은가격에 좋은제품샀네요
23,24,맥북 에어 2020년형 M1 256G 스페이스 그레이 MGN63KH/A,별점,5,빠르고 좋네요  왜 맥북 맥북 하는지 알겠네요
24,25,맥북 에어 2020년형 M1 256G 스페이스 그레이 MGN63KH/A,별점,5,디제잉과 영상작업하는데 필요해서 구입했습니다  먼저 써본 지인의 추천으로 구매했지만 정말 좋네요  이제품 사려고 여기저기 보면서 느꼈던게 그래서 사라는거야 말라는거야 이러는데 사라는겁니다
25,26,맥북 에어 2020년형 M1 256G 스페이스 그레이 MGN63KH/A,별점,5,나만 그런건지_ 배송 느림  12일주문 18일수령 
26,27,맥북 에어 2020년형 M1 256G 스페이스 그레이 MGN63KH/A,별점,5,배송 빠르고 포장도 깔끔하고 잘 왔습니다    
27,28,맥북 에어 2020년형 M1 256G 스페이스 그레이 MGN63KH/A,별점,5,빠르게 배송해주셔서 너무 감사했습니다 
28,29,맥북 에어 2020년형 M1 256G 스페이스 그레이 MGN63KH/A,별점,5,공홈보다 조금 저렴하게 샀네요  배송도 빨랐고요  파컷 로직 다 설치하고 좀 써봤는데 좋네요  프로 16인치와 비교해보니 들고 다니기 좋은 것 같습니다 
29,30,맥북 에어 2020년형 M1 256G 스페이스 그레이 MGN63KH/A,별점,5,일단 디자인이 너무 이쁘고  무게가 가벼워서 휴대하기 좋아요 전문 포토샵쟁이라 사실 프로랑 비교하다가 구매했는데 에어도 손색없이 잘돌아가요 한번도 마우스가 멈춘적이 없습니당 애플 만만세
30,31,맥북 에어 2020년형 M1 256G 스페이스 그레이 MGN63KH/A,별점,5,지금 만지작 거리는 중 마감 굿굿
31,32,맥북 에어 2020년형 M1 256G 스페이스 그레이 MGN63KH/A,별점,5,아주 가볍고 발열적고 좋네요
32,33,맥북 에어 2020년형 M1 256G 스페이스 그레이 MGN63KH/A,별점,5,딱히 결함은 없는 것 같네요 감사합니다
33,34,맥북 에어 2020년형 M1 256G 스페이스 그레이 MGN63KH/A,별점,5,선물로 구매했는데 너무 맘에 든다네요
34,35,맥북 에어 2020년형 M1 256G 스페이스 그레이 MGN63KH/A,별점,5,애플 노트북 최고 굿
35,36,맥북 에어 2020년형 M1 256G 스페이스 그레이 MGN63KH/A,별점,5,너무 좋아요  굿굿굿
36,37,맥북 에어 2020년형 M1 256G 스페이스 그레이 MGN63KH/A,별점,5,역시 가성비 쩌네용 아무 문제없이 잘 쓰고있습니당
37,38,맥북 에어 2020년형 M1 256G 스페이스 그레이 MGN63KH/A,별점,5,역시나 최고의 노트북입니다 
38,39,맥북 에어 2020년형 M1 256G 스페이스 그레이 MGN63KH/A,별점,5,엄청 빨리왔어요 좋아요
39,40,맥북 에어 2020년형 M1 256G 스페이스 그레이 MGN63KH/A,별점,5,맥북 좋아좋아요   
40,41,맥북 에어 2020년형 M1 256G 스페이스 그레이 MGN63KH/A,별점,5,진짜 이걸 왜 이제샀나  왜 살까 말까 고민을햇나 싶어요 너무좋아
41,42,맥북 에어 2020년형 M1 256G 스페이스 그레이 MGN63KH/A,별점,5,우체국 국제특송이라 이틀만에 왔어요 
42,43,맥북 에어 2020년형 M1 256G 스페이스 그레이 MGN63KH/A,별점,5,좋아요  다만 배송이 원래 애플 갈색 박스채로 와서   박스에 뽁뽁이랑 한번더 포장해주셨음 좋겠습니다 
43,44,맥북 에어 2020년형 M1 256G 스페이스 그레이 MGN63KH/A,별점,5,넘 만족해요   올해 최고의 소비입니당
44,45,맥북 에어 2020년형 M1 256G 스페이스 그레이 MGN63KH/A,별점,5,저렴하고 빠르게 받았습니다
45,46,맥북 에어 2020년형 M1 256G 스페이스 그레이 MGN63KH/A,별점,5,완전 저렴하게 잘 샀고 배송 엄청 빠르네요  구매 하고 다음날 받았습니다 
46,47,맥북 에어 2020년형 M1 256G 스페이스 그레이 MGN63KH/A,별점,5,이쁘고 빠르고 손에 잡는 그립감이 좋아요 11인치 쓰다가 서피스 쓰고 다시 돌아왔는데 역시   좋네요
47,48,맥북 에어 2020년형 M1 256G 스페이스 그레이 MGN63KH/A,별점,5,역시 최고의 가성비 가성비를 뛰어넘었니요
48,49,맥북 에어 2020년형 M1 256G 스페이스 그레이 MGN63KH/A,별점,5,빠른 배송 감사합니다  번창하세요  빠른 배송 감사합니다  번창하세요  빠른 배송 감사합니다  번창하세요  빠른 배송 감사합니다  번창하세요   빠른 배송 감사합니다  번창하세요  빠른 배송 감사합니다  번창하세요   빠른 배송 감사합니다  번창하세요  빠른 배송 감사합니다  번창하세요  빠른 배송 감사합니다  번창하세요  빠른 배송 감사합니다  번창하세요   빠른 배송 감사합니다  번창하세요  빠른 배송 감사합니다  번창하세요  빠른 배송 감사합니다  번창하세요  빠른 배송 감사합니다  번창하세요  빠른 배송 감사합니다  번창하세요  빠른 배송 감사합니다  번창하세요   빠른 배송 감사합니다  번창하세요  빠른 배송 감사합니다  번창하세요  빠른 배송 감사합니다  번창하세요  빠른 배송 감사합니다  번창하세요  빠른 배송 감사합니다  번창하세요  빠른 배송 감사합니다  번창하세요   빠른 배송 감사합니다  번창하세요  빠른 배송 감사합니다  번창하세요   빠른 배송 감사합니다  번창하세요  빠른 배송 감사합니다  번창하세요  빠른 배송 감사합니다  번창하세요  빠른 배송 감사합니다  번창하세요   빠른 배송 감사합니다  번창하세요  빠른 배송 감사합니다  번창하세요  빠른 배송 감사합니다  번창하세요  빠른 배송 감사합니다  번창하세요  빠른 배송 감사합니다  번창하세요  빠른 배송 감사합니다  번창하세요   빠른 배송 감사합니다  번창하세요  빠른 배송 감사합니다  번창하세요 빠른 배송 감사합니다  번창하세요  빠른 배송 감사합니다  번창하세요  빠른 배송 감사합니다  번창하세요  빠른 배송 감사합니다  번창하세요   빠른 배송 감사합니다  번창하세요  빠른 배송 감사합니다  번창하세요   빠른 배송 감사합니다  번창하세요  빠른 배송 감사합니다  번창하세요  빠른 배송 감사합니다  번창하세요  빠른 배송 감사합니다  번창하세요   빠른 배송 감사합니다  번창하세요  빠른 배송 감사합니다  번창하세요  빠른 배송 감사합니다  번창하세요  빠른 배송 감사합니다  번창하세요  빠른 배송 감사합니다  번창하세요  빠른 배송 감사합니다  번창하세요   빠른 배송 감사합니다  번창하세요  빠른 배송 감사합니다  번창하세요 
49,50,맥북 에어 2020년형 M1 256G 스페이스 그레이 MGN63KH/A,별점,5,빠른배송 안전포장 좋아요  
50,51,맥북 에어 2020년형 M1 256G 스페이스 그레이 MGN63KH/A,별점,5,빠르게 잘 받았습니다 
51,52,맥북 에어 2020년형 M1 256G 스페이스 그레이 MGN63KH/A,별점,5,배송은 좀 느렸지만 다른곳보다 저렴하게 구매했어요 상품은 매우 만족스러워요 
52,53,맥북 에어 2020년형 M1 256G 스페이스 그레이 MGN63KH/A,별점,5,매우 좋습니다  사용하기도 
53,54,맥북 에어 2020년형 M1 256G 스페이스 그레이 MGN63KH/A,별점,5,삶의 질이 올라감니다   
54,55,맥북 에어 2020년형 M1 256G 스페이스 그레이 MGN63KH/A,별점,5,잘 사용하고 있어요 
55,56,맥북 에어 2020년형 M1 256G 스페이스 그레이 MGN63KH/A,별점,5,역시는 역시인가요 
56,57,맥북 에어 2020년형 M1 256G 스페이스 그레이 MGN63KH/A,별점,5,명불허전입니다  좋습니다  
57,58,맥북 에어 2020년형 M1 256G 스페이스 그레이 MGN63KH/A,별점,5,사용하는 프로그램이 무겁지 않아 에어로 충분하네요 
58,59,맥북 에어 2020년형 M1 256G 스페이스 그레이 MGN63KH/A,별점,5,저렴하게 잘 구매해서 사용중입니다
59,60,맥북 에어 2020년형 M1 256G 스페이스 그레이 MGN63KH/A,별점,5,좋습니다 잘 쓰고 있어요
60,61,맥북 에어 2020년형 M1 256G 스페이스 그레이 MGN63KH/A,별점,5,좋아요 잘쓰고 있어요 영상 편집하기에도 무리없어요
61,62,맥북 에어 2020년형 M1 256G 스페이스 그레이 MGN63KH/A,별점,5,맥북 산거 진짜 후회한적 한번도없어요    최고 
62,63,맥북 에어 2020년형 M1 256G 스페이스 그레이 MGN63KH/A,별점,5,뭐 디자인으로 사서 간지로 이용하는데 말이필요잇나요 너무좋지   
63,64,맥북 에어 2020년형 M1 256G 스페이스 그레이 MGN63KH/A,별점,5,생각보다 너무 빠르게 배송왔어요  맥북은 처음인데 너무 맘에 드네요  판매자님 감사드립니다
64,65,맥북 에어 2020년형 M1 256G 스페이스 그레이 MGN63KH/A,별점,5,문제없이 잘 도착했고 잘 작동합니다 예쁘고 심플하네요
65,66,맥북 에어 2020년형 M1 256G 스페이스 그레이 MGN63KH/A,별점,5,전에 쓰던 맥제품보다 훨씬 빨라요   넘 좋네요  
66,67,맥북 에어 2020년형 M1 256G 스페이스 그레이 MGN63KH/A,별점,5,맥북인데 좋겠죠  배송도 빠르고 잘받았습니다 
67,68,맥북 에어 2020년형 M1 256G 스페이스 그레이 MGN63KH/A,별점,5,배송도 빠르고 상품도 좋아요 추천합니다
68,69,맥북 에어 2020년형 M1 256G 스페이스 그레이 MGN63KH/A,별점,5,빠른배송 좋아요 편리하게구매했어요
69,70,맥북 에어 2020년형 M1 256G 스페이스 그레이 MGN63KH/A,별점,5,빠른배송좋아요  편리하게구매했어요
70,71,맥북 에어 2020년형 M1 256G 스페이스 그레이 MGN63KH/A,별점,5,넘 설레이며 받았어요  신나요
71,72,맥북 에어 2020년형 M1 256G 스페이스 그레이 MGN63KH/A,별점,5,너무너무 이뻐요
72,73,맥북 에어 2020년형 M1 256G 스페이스 그레이 MGN63KH/A,별점,5,배송빠르고 상품좋네요
73,74,맥북 에어 2020년형 M1 256G 스페이스 그레이 MGN63KH/A,별점,5,맥북 역시 너무너무 예뻐요      만족스럽게 잘 사용하고 있습니다 
74,75,맥북 에어 2020년형 M1 256G 스페이스 그레이 MGN63KH/A,별점,5,예뻐요  좋아요    
75,76,맥북 에어 2020년형 M1 256G 스페이스 그레이 MGN63KH/A,별점,5,m1 맥북은 머 말이 필요없네요  가성비 짱 성능 와따입니다_    
76,77,맥북 에어 2020년형 M1 256G 스페이스 그레이 MGN63KH/A,별점,5,배송빠르고 잘샀어요 맥북은 첨인데 적응중이에요
77,78,맥북 에어 2020년형 M1 256G 스페이스 그레이 MGN63KH/A,별점,5,그냥 너무 이쁨 스페이스 그레이 실물 봐야댐
78,79,맥북 에어 2020년형 M1 256G 스페이스 그레이 MGN63KH/A,별점,5,배송 빠르고 예쁘네요   잘 쓰겠습니다
79,80,맥북 에어 2020년형 M1 256G 스페이스 그레이 MGN63KH/A,별점,5,배송 빠르고 만족합니다
80,81,맥북 에어 2020년형 M1 256G 스페이스 그레이 MGN63KH/A,별점,5,프리스비 광주 지점도 있고 믿을만해서 주문했는데 배송도 빠르고 아주 안전하게 배송해주셨네요 m1 넘 잘 쓰고 있고 대만족해요 
81,82,맥북 에어 2020년형 M1 256G 스페이스 그레이 MGN63KH/A,별점,5,맥북은 처음인데 제품의 만듦새가 좋네요  m1 맥북에어 기본형이 가성비 좋고 초보에게는 좋은 선택이라 생각합니다 
82,83,맥북 에어 2020년형 M1 256G 스페이스 그레이 MGN63KH/A,별점,5,일단 아직 불량 테스트 해봐야하지만  잘 도착했네요 추석 이후로 오는 줄 알았는데 바로 도착해서 일단 넘 기분이 좋습니다  
83,84,맥북 에어 2020년형 M1 256G 스페이스 그레이 MGN63KH/A,별점,5,맥북에어 가볍고 견고해 보이고 빠르고 역시 애플이네요
84,85,맥북 에어 2020년형 M1 256G 스페이스 그레이 MGN63KH/A,별점,5,아주 배송이 빨라요   제품에도 문제없고 빠릿빠릿 하네요   처음쓰는 맥북이라 기대됩니다 
85,86,맥북 에어 2020년형 M1 256G 스페이스 그레이 MGN63KH/A,별점,5,포인트 적립으로 저렴하게 구매했습니다 
86,87,맥북 에어 2020년형 M1 256G 스페이스 그레이 MGN63KH/A,별점,5,완전좋아요 진작사서 쓸걸그랬네요
87,88,맥북 에어 2020년형 M1 256G 스페이스 그레이 MGN63KH/A,별점,5,가성비가 너무 좋아용
88,89,맥북 에어 2020년형 M1 256G 스페이스 그레이 MGN63KH/A,별점,5,예쁩니당 배송도 빠르고 사고싶었던 맥북 드디어  스그넘예브네여 애플은 스그가진리
89,90,맥북 에어 2020년형 M1 256G 스페이스 그레이 MGN63KH/A,별점,5,좋은 제품감사합니다 와이프 선물 인데 좋아합니다
90,91,맥북 에어 2020년형 M1 256G 스페이스 그레이 MGN63KH/A,별점,5,첫 맥북인데 배송 빠르고 포장 꼼꼼하게되어 왔어요  잘 쓸게요
91,92,맥북 에어 2020년형 M1 256G 스페이스 그레이 MGN63KH/A,별점,5,좋아요  박스포장이 꼼꼼하게 오진 않지만 맥북은 이뻐요
92,93,맥북 에어 2020년형 M1 256G 스페이스 그레이 MGN63KH/A,별점,5,좋습니다  배송은 이틀걸렸구요  진작 살걸 그랬어요
93,94,맥북 에어 2020년형 M1 256G 스페이스 그레이 MGN63KH/A,별점,5,그동안 갖고 싶었던 맥북을 구입해서 너무 좋아요 
94,95,맥북 에어 2020년형 M1 256G 스페이스 그레이 MGN63KH/A,별점,5,오늘 받아서 잘쓰고있습니다  빠름배송 좋아요
95,96,맥북 에어 2020년형 M1 256G 스페이스 그레이 MGN63KH/A,별점,5,편집할때 나무좋습니다  그리고 어제시켰는데 오늘바로왔네요 감사합니다 
96,97,맥북 에어 2020년형 M1 256G 스페이스 그레이 MGN63KH/A,별점,5,배송도 빠르고 좋습니다 잘 쓸게요  
97,98,맥북 에어 2020년형 M1 256G 스페이스 그레이 MGN63KH/A,별점,5,저렴하게 잘 구매했습니다 
98,99,맥북 에어 2020년형 M1 256G 스페이스 그레이 MGN63KH/A,별점,5,아이폰 연동잘됨 영롱하고
99,100,맥북 에어 2020년형 M1 256G 스페이스 그레이 MGN63KH/A,별점,5,상품좋코역시애플입다
100,101,맥북 에어 2020년형 M1 256G 스페이스 그레이 MGN63KH/A,별점,5,너무예뻐요  잘썻습
101,102,맥북 에어 2020년형 M1 256G 스페이스 그레이 MGN63KH/A,별점,5,예쁘고 성능이 좋아요
102,103,맥북 에어 2020년형 M1 256G 스페이스 그레이 MGN63KH/A,별점,5,아주 좋아요  짱짱
103,104,맥북 에어 2020년형 M1 256G 스페이스 그레이 MGN63KH/A,별점,5,최고예요  인터넷으로 시켜서 좀 불안했는데  최신제조년월 상품으로 왔고  배송상태 아주 좋았습니다  지금까지도 너무 잘쓰고 있어요  고민하고 있다면 강추입니다 
104,105,맥북 에어 2020년형 M1 256G 스페이스 그레이 MGN63KH/A,별점,5,좋아요 딸이 전에쓰던 맥북이 상태가 안좋아져서 새로샀는데 넘 좋아해요
105,106,맥북 에어 2020년형 M1 256G 스페이스 그레이 MGN63KH/A,별점,5,iso 개발 완전 깔끔하네요  좋아요  
106,107,맥북 에어 2020년형 M1 256G 스페이스 그레이 MGN63KH/A,별점,5,빠른 배송 너무 좋아요  영롱하네요 
107,108,맥북 에어 2020년형 M1 256G 스페이스 그레이 MGN63KH/A,별점,5,포장도 잘 되어왔고 작동도 잘되네요  배송도 빨랐어요  넘 행복해요    
108,109,맥북 에어 2020년형 M1 256G 스페이스 그레이 MGN63KH/A,별점,5,만족만족맥북에어좋네요
109,110,맥북 에어 2020년형 M1 256G 스페이스 그레이 MGN63KH/A,별점,5,배송 아주 빨리 왔구요 아들 사줬는데 너무 좋다고 좋아합니다
110,111,맥북 에어 2020년형 M1 256G 스페이스 그레이 MGN63KH/A,별점,5,만족삽니다 잘 쓰겠습니다
111,112,맥북 에어 2020년형 M1 256G 스페이스 그레이 MGN63KH/A,별점,5,가볍고 역시 스페이스그레이라 더 깔끔해보여요
112,113,맥북 에어 2020년형 M1 256G 스페이스 그레이 MGN63KH/A,별점,5,너무너무너무좋아요  배송빠르고 모난데없이 잘 왔어요 
113,114,맥북 에어 2020년형 M1 256G 스페이스 그레이 MGN63KH/A,별점,5,가볒게 사용할거라 만족스럽습니다 
114,115,맥북 에어 2020년형 M1 256G 스페이스 그레이 MGN63KH/A,별점,5,잘 받았습니다  잘 사용하고 있어요 
115,116,맥북 에어 2020년형 M1 256G 스페이스 그레이 MGN63KH/A,별점,5,잘쓰고있습니다  생활이 편리해짐요
116,117,맥북 에어 2020년형 M1 256G 스페이스 그레이 MGN63KH/A,별점,5,저렴하고 좋습니다 잘 사용할게요
117,118,맥북 에어 2020년형 M1 256G 스페이스 그레이 MGN63KH/A,별점,5,매우 만족하며 잘 쓰고있습니다
118,119,맥북 에어 2020년형 M1 256G 스페이스 그레이 MGN63KH/A,별점,5,배송도빠르고저렴히잘샀어요
119,120,맥북 에어 2020년형 M1 256G 스페이스 그레이 MGN63KH/A,별점,5,가볍고 예쁘고 좋아요
120,121,맥북 에어 2020년형 M1 256G 스페이스 그레이 MGN63KH/A,별점,5,맥북에어 그자체 
121,122,맥북 에어 2020년형 M1 256G 스페이스 그레이 MGN63KH/A,별점,5,잘받았습니당    
122,123,맥북 에어 2020년형 M1 256G 스페이스 그레이 MGN63KH/A,별점,5,제품 잘 받았습니다  포장도 꼼꼼하게 잘 되어서 도착했고  제품도 좋습니다  특히 스페이스그레이 색상이 마음에 듭니다  맥북은 처음이라 익숙해지는데 시간이 좀 필요할 것 같네요  제품 만족합니다  많이 파세요 
123,124,맥북 에어 2020년형 M1 256G 스페이스 그레이 MGN63KH/A,별점,5,물건 잘 받았습니다 배송도 빠르고 좋아요 
124,125,맥북 에어 2020년형 M1 256G 스페이스 그레이 MGN63KH/A,별점,5,예뻐요    할인받아서 잘샀고 배송빨라서 좋았구요 너무예쁩니다    
125,126,맥북 에어 2020년형 M1 256G 스페이스 그레이 MGN63KH/A,별점,5,물건 잘 받았습니다 배송도 빠르고 좋아요 저렴한 가격에 잘 구입했네요   
126,127,맥북 에어 2020년형 M1 256G 스페이스 그레이 MGN63KH/A,별점,5,배송도 빠르고 좋네요 처음 사용이라 익숙해지는데 시간이 걸리겠지만요
127,128,맥북 에어 2020년형 M1 256G 스페이스 그레이 MGN63KH/A,별점,5,급하게 필요했는데 배송 빨라서 좋았어요
128,129,맥북 에어 2020년형 M1 256G 스페이스 그레이 MGN63KH/A,별점,5,왜 미루면서 그동안 안샀을가  바보야  
129,130,맥북 에어 2020년형 M1 256G 스페이스 그레이 MGN63KH/A,별점,5,업그레이드 완료 감사합니다
130,131,맥북 에어 2020년형 M1 256G 스페이스 그레이 MGN63KH/A,별점,5,이게 안좋을 수가 있나요 
131,132,맥북 에어 2020년형 M1 256G 스페이스 그레이 MGN63KH/A,별점,5,너무 만족합니다
132,133,맥북 에어 2020년형 M1 256G 스페이스 그레이 MGN63KH/A,별점,5,아주 만족합니다  
133,134,맥북 에어 2020년형 M1 256G 스페이스 그레이 MGN63KH/A,별점,5,싸게 잘샀어요    
134,135,맥북 에어 2020년형 M1 256G 스페이스 그레이 MGN63KH/A,별점,5,배송 엄청 빠르네요 만족합니다 잘쓸게요 
135,136,맥북 에어 2020년형 M1 256G 스페이스 그레이 MGN63KH/A,별점,5,빠른배송과 저렴하게 구입해서 너무 만족스럽습니다  
136,137,맥북 에어 2020년형 M1 256G 스페이스 그레이 MGN63KH/A,별점,5,맥북쓰는 나시키 너무 힙하고 멋짐 뿜뿜
137,138,맥북 에어 2020년형 M1 256G 스페이스 그레이 MGN63KH/A,별점,5,폰이 실버이다보니 질려서 스그로 구매했는데 한달 넘은 지금까지도 부둥부둥 아끼면서 사용하고있습니다  소음도 거의 없고 단축키도 많이 익숙해졌어여     특히 트랙패드    없이는 못산다
138,139,맥북 에어 2020년형 M1 256G 스페이스 그레이 MGN63KH/A,별점,5,잘 쓰고 있습니다 맥북최고  
139,140,맥북 에어 2020년형 M1 256G 스페이스 그레이 MGN63KH/A,별점,5,배송도 빠르고 좋습니당   
140,141,맥북 에어 2020년형 M1 256G 스페이스 그레이 MGN63KH/A,별점,5,너무 좋아용 또 사고 싶은
141,142,맥북 에어 2020년형 M1 256G 스페이스 그레이 MGN63KH/A,별점,5,빠른배송  높은가성비 
142,143,맥북 에어 2020년형 M1 256G 스페이스 그레이 MGN63KH/A,별점,5,말해 모해요 넘나이쁨
143,144,맥북 에어 2020년형 M1 256G 스페이스 그레이 MGN63KH/A,별점,5,최고예요  인터넷으로 시키는거라 제조년월 예전 거 오면 어쩌나 했는데 한 달 전 제품이 왔네요 너무 예쁘고 좋아요 스페이스 그레이 강추 
144,145,맥북 에어 2020년형 M1 256G 스페이스 그레이 MGN63KH/A,별점,5,생각보다 너무 빠르게 배송이 왔네요  맥북은 처음 써보는데 윈도우와 달라서 적응중입니다  그래도 안정적이고 너무 좋아요
145,146,맥북 에어 2020년형 M1 256G 스페이스 그레이 MGN63KH/A,별점,5,배송이 엄청빨랐어요   원하던 제품을 제때 받게되어서 너무 좋습니다  얼른 사용해보고 싶메요  
146,147,맥북 에어 2020년형 M1 256G 스페이스 그레이 MGN63KH/A,별점,5,배송은 빨리 해주셨는데 택배사에서 늦었네여 하지만 아주 좋습니다 싸게 잘 구매해서 좋어요 
147,148,맥북 에어 2020년형 M1 256G 스페이스 그레이 MGN63KH/A,별점,5,좋이요 빠른배송 감사합니다
148,149,맥북 에어 2020년형 M1 256G 스페이스 그레이 MGN63KH/A,별점,5,배송도 빠르고  무엇보다 안전하게 좋은제품으로 왔어요   
149,150,맥북 에어 2020년형 M1 256G 스페이스 그레이 MGN63KH/A,별점,5,저렴하게 잘 구매해서 잘 사용하고 있습니다    
150,151,맥북 에어 2020년형 M1 256G 스페이스 그레이 MGN63KH/A,별점,5,종아요 아이폰 호환도 잘되고 가성비 짱입니다
151,152,맥북 에어 2020년형 M1 256G 스페이스 그레이 MGN63KH/A,별점,5,너무 이쁘고 성능좋고  배송빠르고 
152,153,맥북 에어 2020년형 M1 256G 스페이스 그레이 MGN63KH/A,별점,5,외관 좋고 속도도 빠르고 좋습니다
153,154,맥북 에어 2020년형 M1 256G 스페이스 그레이 MGN63KH/A,별점,5,애플의 기기는 언제나 만족스럽습니다  다만  애플의 서비스는 착함을 위장한 불편함이 늘 있네요  배송이 좀 아쉽네요 
154,155,맥북 에어 2020년형 M1 256G 스페이스 그레이 MGN63KH/A,별점,5,고장없이 아주잘쓰고있어요
155,156,맥북 에어 2020년형 M1 256G 스페이스 그레이 MGN63KH/A,별점,5,배송도 빠르고 너무 이뻐요
156,157,맥북 에어 2020년형 M1 256G 스페이스 그레이 MGN63KH/A,별점,5,배송이 빨라서 좋습니다 
157,158,맥북 에어 2020년형 M1 256G 스페이스 그레이 MGN63KH/A,별점,5,배송도 빠르고 좋습니다
158,159,맥북 에어 2020년형 M1 256G 스페이스 그레이 MGN63KH/A,별점,5,개좋아연 빠른배송감사
159,160,맥북 에어 2020년형 M1 256G 스페이스 그레이 MGN63KH/A,별점,5,아주 좋아요   _
160,161,맥북 에어 2020년형 M1 256G 스페이스 그레이 MGN63KH/A,별점,5,제품 잘 받았습니다 
161,162,맥북 에어 2020년형 M1 256G 스페이스 그레이 MGN63KH/A,별점,5,배송 잘 받았어요 
162,163,맥북 에어 2020년형 M1 256G 스페이스 그레이 MGN63KH/A,별점,5,맥북만세 만만만세           
163,164,맥북 에어 2020년형 M1 256G 스페이스 그레이 MGN63KH/A,별점,5,배송도 빠르고 제품도 아주 좋습니다  만족합니다  
164,165,맥북 에어 2020년형 M1 256G 스페이스 그레이 MGN63KH/A,별점,5,빠르고 안전하게 배송돼서 왔어요  적응 기간이 필요하지만 남편이 만족해 합니다  가방은 따로 구입한거에요 
165,166,맥북 에어 2020년형 M1 256G 스페이스 그레이 MGN63KH/A,별점,5,업무용도로 회사에서 샀어요  담당자들이 아주 행복해합니다 
166,167,맥북 에어 2020년형 M1 256G 스페이스 그레이 MGN63KH/A,별점,5,회사에서 업무용으로 샀어요   담당자들이 아주 좋아해요 
167,168,맥북 에어 2020년형 M1 256G 스페이스 그레이 MGN63KH/A,별점,5,저렴하게 구매했어요  항상주문하는 상품이에요 
168,169,맥북 에어 2020년형 M1 256G 스페이스 그레이 MGN63KH/A,별점,5,배송빠르고 너무 예뻐요  패키징역시 완벽하네요
169,170,맥북 에어 2020년형 M1 256G 스페이스 그레이 MGN63KH/A,별점,5,배송도 좋은데 쬐금 늦었어요성능이야 최고죠  
170,171,맥북 에어 2020년형 M1 256G 스페이스 그레이 MGN63KH/A,별점,5,배송 괜츈 제품도 잘옴 기계문제도 없음
171,172,맥북 에어 2020년형 M1 256G 스페이스 그레이 MGN63KH/A,별점,5,배송도 빠르고 너무 가성비 좋아요
172,173,맥북 에어 2020년형 M1 256G 스페이스 그레이 MGN63KH/A,별점,5,너무좋아요 다음에도 구입할꼐요
173,174,맥북 에어 2020년형 M1 256G 스페이스 그레이 MGN63KH/A,별점,5,잘 쓰겠습니다 예쁘고 좋아요
174,175,맥북 에어 2020년형 M1 256G 스페이스 그레이 MGN63KH/A,별점,5,감사합니다    잘 사용 할게요
175,176,맥북 에어 2020년형 M1 256G 스페이스 그레이 MGN63KH/A,별점,5,다른 말이 필요없는 디자인
176,177,맥북 에어 2020년형 M1 256G 스페이스 그레이 MGN63KH/A,별점,5,소문대로 너무 좋네요_    
177,178,맥북 에어 2020년형 M1 256G 스페이스 그레이 MGN63KH/A,별점,5,주문하고 다음날 바로 왔어요    양품 확인해본 결과 양품 온 것 같고  정품 등록도 완료 했어요  너무 예쁘고 기능도 신세계   고민은 시간만 늦출뿐이었네여 
178,179,맥북 에어 2020년형 M1 256G 스페이스 그레이 MGN63KH/A,별점,5,저렴하게 잘 샀습니다  
179,180,맥북 에어 2020년형 M1 256G 스페이스 그레이 MGN63KH/A,별점,5,정말좋네요 m1칩성능 굿
180,181,맥북 에어 2020년형 M1 256G 스페이스 그레이 MGN63KH/A,별점,5,좋아요 빠른 배송 굿굿
181,182,맥북 에어 2020년형 M1 256G 스페이스 그레이 MGN63KH/A,별점,5,완벽한 제품입니다 
182,183,맥북 에어 2020년형 M1 256G 스페이스 그레이 MGN63KH/A,별점,5,가볍고 좋습니다   
183,184,맥북 에어 2020년형 M1 256G 스페이스 그레이 MGN63KH/A,별점,5,사실 쿠팡보다 싸지도않고 그냥 그럼 쿠팡에서 사서 빨리받으셈
184,185,맥북 에어 2020년형 M1 256G 스페이스 그레이 MGN63KH/A,별점,5,받아서 사용 1달 지났는데 만족하며 잘 사용중입니다 
185,186,맥북 에어 2020년형 M1 256G 스페이스 그레이 MGN63KH/A,별점,5,너어어어무 좋아요 대만족하며 잘 쓰고 잇어요
186,187,맥북 에어 2020년형 M1 256G 스페이스 그레이 MGN63KH/A,별점,5,배송이 빨리오지는 않았다는게 한가지 아쉬움이네요 맥북이야 말해뭐할까용 때깔 최고입니다 
187,188,맥북 에어 2020년형 M1 256G 스페이스 그레이 MGN63KH/A,별점,5,비싼 제품인데 에어캡 하나 없이 와서 당황했네요  맥북 처음이라 버벅거리는데 잘 적응해볼게요 
188,189,맥북 에어 2020년형 M1 256G 스페이스 그레이 MGN63KH/A,별점,5,작업 서브 노트북으로 맥북에어 구매하였습니다 만족스럽게 사용할 수 있네요 가벼워서 좋아요
189,190,맥북 에어 2020년형 M1 256G 스페이스 그레이 MGN63KH/A,별점,5,배송도 빠르고 친절하고 성능도 만족 
190,191,맥북 에어 2020년형 M1 256G 스페이스 그레이 MGN63KH/A,별점,5,빠른배송 아름다운 맥북    애케플 까먹고 안해서 속상   따로 가입해야죠 뭐
191,192,맥북 에어 2020년형 M1 256G 스페이스 그레이 MGN63KH/A,별점,5,웹서핑  유튜브 감상  간단한 워드작업시 매우 편하게 사용 가능합니다 D
192,193,맥북 에어 2020년형 M1 256G 스페이스 그레이 MGN63KH/A,별점,5,톡톡대화 빠른 확인이 아쉽습니다  나머진 좋습니다 
193,194,맥북 에어 2020년형 M1 256G 스페이스 그레이 MGN63KH/A,별점,5,배송은 약간 늦었지만 기대했던것만큼의 품질 입니다
194,195,맥북 에어 2020년형 M1 256G 스페이스 그레이 MGN63KH/A,별점,5,배송빠르고 아주 만족합니다 영상편집용으로 사용
195,196,맥북 에어 2020년형 M1 256G 스페이스 그레이 MGN63KH/A,별점,5,가볍고 구동도 수월합니다  아주 만족스러워요 
196,197,맥북 에어 2020년형 M1 256G 스페이스 그레이 MGN63KH/A,별점,5,정말 하우디 이벤트로 갖고싶던 맥북에어를 싸게 샀습니다   아이폰 에어팟과 완벽하게 연동되고 너무 예쁘고 좋습니다 배송이 좀 더뎠지만 물건은 하자없이 좋았고 포장도 꼼꼼했네요
197,198,맥북 에어 2020년형 M1 256G 스페이스 그레이 MGN63KH/A,별점,5,최고로 잘 쓰고 있어요 맥북 채고 발열 없음
198,199,맥북 에어 2020년형 M1 256G 스페이스 그레이 MGN63KH/A,별점,5,좋은 성능에 늘 만족하며 쓰고 있어요    
199,200,맥북 에어 2020년형 M1 256G 스페이스 그레이 MGN63KH/A,별점,5,배송 칼이고 맥북도 너무 맘에 드네요
200,201,맥북 에어 2020년형 M1 256G 스페이스 그레이 MGN63KH/A,별점,5,현재로서 가장 가성비 좋은 노트북
201,202,맥북 에어 2020년형 M1 256G 스페이스 그레이 MGN63KH/A,별점,5,큰 하자없이 잘 도착했습니다
202,203,맥북 에어 2020년형 M1 256G 스페이스 그레이 MGN63KH/A,별점,5,예쁨 다른 말이 필요없음
203,204,맥북 에어 2020년형 M1 256G 스페이스 그레이 MGN63KH/A,별점,5,잘쓰고 잇어요 역시애츨 
204,205,맥북 에어 2020년형 M1 256G 스페이스 그레이 MGN63KH/A,별점,5,아주좋아요 만족합니다
205,206,맥북 에어 2020년형 M1 256G 스페이스 그레이 MGN63KH/A,별점,5,빠르게 배송되었습니다 맥북 에어도 문제없이 잘 돌아갑니다
206,207,맥북 에어 2020년형 M1 256G 스페이스 그레이 MGN63KH/A,별점,5,최고 제품이지만 역시 좀 가격이 부담 하지만 전체적으로 만족
207,208,맥북 에어 2020년형 M1 256G 스페이스 그레이 MGN63KH/A,별점,5,왜 진작 맥을 안썼을까  사람들이 불편하다고 하는데  저는 완전 적응이 바로 되네요  맥 os가 훨씬 편리한데요 
208,209,맥북 에어 2020년형 M1 256G 스페이스 그레이 MGN63KH/A,별점,5,미개봉 상품이니 제품이야 말할것 없을것 같고 포장을 엄청 든든하게 해주셔서 놀랬습니다  공식홈보다 저렴하게 빨리 받아볼 수 있어서 매우 만족스럽습니다 
209,210,맥북 에어 2020년형 M1 256G 스페이스 그레이 MGN63KH/A,별점,5,실버와 컬러 고민을 많이 했는데 스페이스그레이 예쁘네요  배송도 빠릅니다  
210,211,맥북 에어 2020년형 M1 256G 스페이스 그레이 MGN63KH/A,별점,5,배송도 빠르고 쿠폰받아서 득템까지    아주 만족했던 쇼핑 
211,212,맥북 에어 2020년형 M1 256G 스페이스 그레이 MGN63KH/A,별점,5,배송은 좀 느렸는데 상품은 만족해요
212,213,맥북 에어 2020년형 M1 256G 스페이스 그레이 MGN63KH/A,별점,5,잘 받았어요  이쁘고 성능도 굿  
213,214,맥북 에어 2020년형 M1 256G 스페이스 그레이 MGN63KH/A,별점,5,애플은 이곳에서 사야 빠르군요
214,215,맥북 에어 2020년형 M1 256G 스페이스 그레이 MGN63KH/A,별점,5,젛아요 가볍고 부담없어요
215,216,맥북 에어 2020년형 M1 256G 스페이스 그레이 MGN63KH/A,별점,5,잘산거 같아요 후회없어요
216,217,맥북 에어 2020년형 M1 256G 스페이스 그레이 MGN63KH/A,별점,5,빠른 배송이 아주 좋아요
217,218,맥북 에어 2020년형 M1 256G 스페이스 그레이 MGN63KH/A,별점,5,빠른배송 감사합니당
218,219,맥북 에어 2020년형 M1 256G 스페이스 그레이 MGN63KH/A,별점,5,매우 베스트입니다 
219,220,맥북 에어 2020년형 M1 256G 스페이스 그레이 MGN63KH/A,별점,5,제품에 만족합니다 
220,221,맥북 에어 2020년형 M1 256G 스페이스 그레이 MGN63KH/A,별점,5,잘받았습니다  수고하세요
221,222,맥북 에어 2020년형 M1 256G 스페이스 그레이 MGN63KH/A,별점,5,배송도 빠르고 좋네요
222,223,맥북 에어 2020년형 M1 256G 스페이스 그레이 MGN63KH/A,별점,5,강추합니다
223,224,맥북 에어 2020년형 M1 256G 스페이스 그레이 MGN63KH/A,별점,5,역시 맥북입니다  게다가 m1입니다 
224,225,맥북 에어 2020년형 M1 256G 스페이스 그레이 MGN63KH/A,별점,5,추석연휴가 끼어서 늦게받을줄 알았는데 굉장히빨리 받았어요 배송상태도 좋았습니다  
225,226,맥북 에어 2020년형 M1 256G 스페이스 그레이 MGN63KH/A,별점,5,발열  소음 없어서 열화도 덜할 것 같아서 업무용으로 사줬어요    보통 놋북 4년정도 쓰는데 더 오래 쓸 수 있길 바래요
226,227,맥북 에어 2020년형 M1 256G 스페이스 그레이 MGN63KH/A,별점,5,맥북 처음 쓰는데 배터리 오래가고 성능이 정말 매우 좋아요  이전에 넘어왔었다면 그다지 흥미 못 붙였을거 같은데 지금은 매우 만족합니다 
227,228,맥북 에어 2020년형 M1 256G 스페이스 그레이 MGN63KH/A,별점,5,말이 필요없는 화질과 사운드 만족하고 좋아요  기존 노트북과 운영체제가 달라서 어려움이 있지만 너무좋습니다 
228,229,맥북 에어 2020년형 M1 256G 스페이스 그레이 MGN63KH/A,별점,5,디자인 성능 발열 소음 모든 부분에서 가격대비 지금 노트북들 중에 원탑입니다  대학생 노트북으로도 아주 좋아요  호환성 문제만 더 보완 되면 삼성 엘지 노트북 씹어먹습니다
229,230,맥북 에어 2020년형 M1 256G 스페이스 그레이 MGN63KH/A,별점,5,좋아요좋아요좋아요요
230,231,맥북 에어 2020년형 M1 256G 스페이스 그레이 MGN63KH/A,별점,5,엠원맥북에어는 사랑입니다 성능  디자인  휴대성 뭐   하나 빠지는게 없네요 굳  
231,232,맥북 에어 2020년형 M1 256G 스페이스 그레이 MGN63KH/A,별점,5,만족합니다 감사합니다
232,233,맥북 에어 2020년형 M1 256G 스페이스 그레이 MGN63KH/A,별점,5,배송 아주 좋구여  제춤 불량체크해봣더니 아무문제없이 동작중    좋네요 
233,234,맥북 에어 2020년형 M1 256G 스페이스 그레이 MGN63KH/A,별점,5,회사 업무용으로 사줬어요    오래 잘 쓸수 있길 바래용
234,235,맥북 에어 2020년형 M1 256G 스페이스 그레이 MGN63KH/A,별점,5,감사합니다 정말 저렴하게 잘 샀어요 고마워요
235,236,맥북 에어 2020년형 M1 256G 스페이스 그레이 MGN63KH/A,별점,5,믿고쓰는 맥북에어  전 버젼보다 훨씬 좋아요
236,237,맥북 에어 2020년형 M1 256G 스페이스 그레이 MGN63KH/A,별점,5,대학생 아들 무리없이 잘쓰고 있습니다
237,238,맥북 에어 2020년형 M1 256G 스페이스 그레이 MGN63KH/A,별점,5,완전 빠르고  안전하게 포장되어왔네여
238,239,맥북 에어 2020년형 M1 256G 스페이스 그레이 MGN63KH/A,별점,5,별탈없이 잘 쓰는 중입니다 맥북 굿
239,240,맥북 에어 2020년형 M1 256G 스페이스 그레이 MGN63KH/A,별점,5,잘쓰고 있습니다  가볍고 빠르네요
240,241,맥북 에어 2020년형 M1 256G 스페이스 그레이 MGN63KH/A,별점,5,배송 빠르고 안전하게 도착했어요
241,242,맥북 에어 2020년형 M1 256G 스페이스 그레이 MGN63KH/A,별점,5,남친 선물용으로 구매했어요 개발이나 영상 그래픽쪽 종사자가 아닌 이상 이번 맥에어로도 충분하다는 평이 많아서 에어를 선택했는데 한달정도 사용해본 결과 만족스러워하고있습니다
242,243,맥북 에어 2020년형 M1 256G 스페이스 그레이 MGN63KH/A,별점,5,잘도착해서 사용중입니다
243,244,맥북 에어 2020년형 M1 256G 스페이스 그레이 MGN63KH/A,별점,5,아주 좋아요  정말
244,245,맥북 에어 2020년형 M1 256G 스페이스 그레이 MGN63KH/A,별점,5,배송 빠르고 좋아요
245,246,맥북 에어 2020년형 M1 256G 스페이스 그레이 MGN63KH/A,별점,5,너무 예뻐요         
246,247,맥북 에어 2020년형 M1 256G 스페이스 그레이 MGN63KH/A,별점,5,다 좋은데 택배기사님이 주소 혼동하신건지 앞건물에 배송돼서 찾느라 애먹었네요
247,248,맥북 에어 2020년형 M1 256G 스페이스 그레이 MGN63KH/A,별점,5,배송 진짜 너무 빨라요 하루만에 배송이 왔어요  제품 테스트 다 해봤는데  아주 만족 합니다 많이 판매하세요   
248,249,맥북 에어 2020년형 M1 256G 스페이스 그레이 MGN63KH/A,별점,5,하자 없고 이쁘고 가격도 착해서 정말 좋아요 빠른배송까지 감사합니다    
249,250,맥북 에어 2020년형 M1 256G 스페이스 그레이 MGN63KH/A,별점,5,상품 이상없이 아주 깨끗하게 왔고 빠른배송 너무 좋아요       잘 사용하겠습니다 감사합니다  
250,251,맥북 에어 2020년형 M1 256G 스페이스 그레이 MGN63KH/A,별점,5,배송 겁나 빠름  재고가 없는게 맞긴한건지 아리송  19일 주문해서 20일 수령  적립도 해서 나름 최저가랑 별 차이 안남  만족합니다 
251,252,맥북 에어 2020년형 M1 256G 스페이스 그레이 MGN63KH/A,별점,5,배송도 빠르고 제품에 하자없이 잘 받았습니다    
252,253,맥북 에어 2020년형 M1 256G 스페이스 그레이 MGN63KH/A,별점,5,스페이스 그레이 색깔이쁘네요    인식도 부드럽고 정갈 깔끔 애플답게 언박싱할때 기분좋게 만들어놨네요 잘쓰겠습니다  
253,254,맥북 에어 2020년형 M1 256G 스페이스 그레이 MGN63KH/A,별점,5,한글 키보드가 없어 영문으로 사용 중입니다  불편할 줄 알았는데  금방 적응이 되네요   
254,255,맥북 에어 2020년형 M1 256G 스페이스 그레이 MGN63KH/A,별점,5,정말 빠른배송  굿  상태도 좋아요 
255,256,맥북 에어 2020년형 M1 256G 스페이스 그레이 MGN63KH/A,별점,5,너무 좋습니다잘 쓸게요
256,257,맥북 에어 2020년형 M1 256G 스페이스 그레이 MGN63KH/A,별점,5,빨리오고 에어라서 무소음티고 4k 영상 돌려도 발열도 없고 최고네여
257,258,맥북 에어 2020년형 M1 256G 스페이스 그레이 MGN63KH/A,별점,5,빨리 배송 받았어요   문제  榴  제품 받아 만족합니다   
258,259,맥북 에어 2020년형 M1 256G 스페이스 그레이 MGN63KH/A,별점,5,뭐라 꼭 찝기도 미안할 정도로맥북은 언제나 베스트네요 다들 애플제품은 빨리받고 싶자나요 다들 빨리오길 기대 하자나요 신속 정확  잘 받고 잘쓰고 있습니다  
259,260,맥북 에어 2020년형 M1 256G 스페이스 그레이 MGN63KH/A,별점,5,역시 사길잘했어요 아이패드랑 어플홓한돼서 좋습니다
260,261,맥북 에어 2020년형 M1 256G 스페이스 그레이 MGN63KH/A,별점,5,가성비 넘 조아요   배송도 빠르고 베스트 입니다  감사합니다
261,262,맥북 에어 2020년형 M1 256G 스페이스 그레이 MGN63KH/A,별점,5,맥북은 훌륭합니다  16인치 M2 존버합니다 
262,263,맥북 에어 2020년형 M1 256G 스페이스 그레이 MGN63KH/A,별점,5,배송 하루이틀 늦었지만 무사히 도착 감사요
263,264,맥북 에어 2020년형 M1 256G 스페이스 그레이 MGN63KH/A,별점,5,역시 맥미니 입니다   M1이라 더욱 좋아요  
264,265,맥북 에어 2020년형 M1 256G 스페이스 그레이 MGN63KH/A,별점,5,맥북에어 역시 고급스럽고 빠르네요
265,266,맥북 에어 2020년형 M1 256G 스페이스 그레이 MGN63KH/A,별점,5,맥 설명이 따로 있나요 깔끔 그자체
266,267,맥북 에어 2020년형 M1 256G 스페이스 그레이 MGN63KH/A,별점,5,맥 m1실리콘 만족합니다 빨라요
267,268,맥북 에어 2020년형 M1 256G 스페이스 그레이 MGN63KH/A,별점,5,역시 좋아요 최고의 맥북 에어
268,269,맥북 에어 2020년형 M1 256G 스페이스 그레이 MGN63KH/A,별점,5,배송 아주 빨라서 만족합니다
269,270,맥북 에어 2020년형 M1 256G 스페이스 그레이 MGN63KH/A,별점,5,배송 빠르고 잘 쓰고 있어요
270,271,맥북 에어 2020년형 M1 256G 스페이스 그레이 MGN63KH/A,별점,5,빠른배송에 잘 샀습니다 
271,272,맥북 에어 2020년형 M1 256G 스페이스 그레이 MGN63KH/A,별점,5,배송 빠릅니다 하루만에 옴
272,273,맥북 에어 2020년형 M1 256G 스페이스 그레이 MGN63KH/A,별점,5,18일 배송 잘 받았습니다   
273,274,맥북 에어 2020년형 M1 256G 스페이스 그레이 MGN63KH/A,별점,5,이쁘네요 만족스럽습니다
274,275,맥북 에어 2020년형 M1 256G 스페이스 그레이 MGN63KH/A,별점,5,맘에듭니다 잘쓸께요 
275,276,맥북 에어 2020년형 M1 256G 스페이스 그레이 MGN63KH/A,별점,5,좋은 가격에 잘 샀어요
276,277,맥북 에어 2020년형 M1 256G 스페이스 그레이 MGN63KH/A,별점,5,감사합니다  
277,278,맥북 에어 2020년형 M1 256G 스페이스 그레이 MGN63KH/A,별점,5,좋아요 만족합니다 감사합니다
278,279,맥북 에어 2020년형 M1 256G 스페이스 그레이 MGN63KH/A,별점,5,죠아요죠아요죠아요죠아요용 c아요죠아요죠아죠요저요죠아죠요자 B
279,280,맥북 에어 2020년형 M1 256G 스페이스 그레이 MGN63KH/A,별점,5,큰 박스 안에 충격완화 박스  그 안에 애플 박스가 들어 있어요  맥북을 배송으로 받아본 건 처음인데 만족합니다  하루 정도 이것저것 돌려 보는데 확실히 발열 소음 획기적으로 줄어 들었네요 
280,281,맥북 에어 2020년형 M1 256G 스페이스 그레이 MGN63KH/A,별점,5,갬성 죽입니다  이래서 맥북맥북하는군요
281,282,맥북 에어 2020년형 M1 256G 스페이스 그레이 MGN63KH/A,별점,5,M1 맥북 죽이네요 배송도 빠르고 만족합니다 가격도 만족입니다
282,283,맥북 에어 2020년형 M1 256G 스페이스 그레이 MGN63KH/A,별점,5,베스트 오브 베스트 최고입니다 
283,284,맥북 에어 2020년형 M1 256G 스페이스 그레이 MGN63KH/A,별점,5,좋아요 좋아요 좋아요 좋아요 좋아요 좋아요 좋아요 좋아요
284,285,맥북 에어 2020년형 M1 256G 스페이스 그레이 MGN63KH/A,별점,5,스페이스 그레이랑 실버 중에서 어떤 색 살지 고민 많이 했는데 실버가 더 끌리긴 했어요  스그 물량만 풀려서 결국 스그 샀습니다 깔끔하니 예쁘네요
285,286,맥북 에어 2020년형 M1 256G 스페이스 그레이 MGN63KH/A,별점,5,배송도 빠르고 포장 상태도 좋습니다
286,287,맥북 에어 2020년형 M1 256G 스페이스 그레이 MGN63KH/A,별점,5,빠른배송에 좋아요  잘 삿어요
287,288,맥북 에어 2020년형 M1 256G 스페이스 그레이 MGN63KH/A,별점,5,애플m1은 역시 명불허전입니다 고민하시면 바로 구매하라고 말해주고 싶네요
288,289,맥북 에어 2020년형 M1 256G 스페이스 그레이 MGN63KH/A,별점,5,팬이 없어서 조용해요  근데 열 방출이 잘 되는건지 모르겠는데 일단 좋아요
289,290,맥북 에어 2020년형 M1 256G 스페이스 그레이 MGN63KH/A,별점,5,후회없습니다  Python  Java 개발자인데 약간   의 세팅 후 별 문제 없이 사용하고 있습니다   추후 문제는 추후에     고민하지 마시고 바로 지르세요 
290,291,맥북 에어 2020년형 M1 256G 스페이스 그레이 MGN63KH/A,별점,5,키보드 영어로 변경해서 주문했는데도 빨리 받았어요 
291,292,맥북 에어 2020년형 M1 256G 스페이스 그레이 MGN63KH/A,별점,5,맥북 입문   에어 깡통으로도 넘치는 성능입니다 
292,293,맥북 에어 2020년형 M1 256G 스페이스 그레이 MGN63KH/A,별점,5,배송도 빠고 양품이 왓네요 잘쓰겟습니다 
293,294,맥북 에어 2020년형 M1 256G 스페이스 그레이 MGN63KH/A,별점,5,최고에요 제일 좋아요  마안족합니다 
294,295,맥북 에어 2020년형 M1 256G 스페이스 그레이 MGN63KH/A,별점,5,저렴하게 잘샀습니다 배송도 빨라요 
295,296,맥북 에어 2020년형 M1 256G 스페이스 그레이 MGN63KH/A,별점,5,배송 빠르고 제품이야    좋습니다  
296,297,맥북 에어 2020년형 M1 256G 스페이스 그레이 MGN63KH/A,별점,5,제품 배송 잘 왔고 정상 작동하네요
297,298,맥북 에어 2020년형 M1 256G 스페이스 그레이 MGN63KH/A,별점,5,처음쓰는 맥북인데 일단 부드럽게 화면전환 되고 업데이트랑 계정등록 하고 아이폰이랑 연동하는데 까진 성공 했네요 아이패드의 연장 이라는 느낌이 강하지만 좀더 사용해봐야 알겠어요
298,299,맥북 에어 2020년형 M1 256G 스페이스 그레이 MGN63KH/A,별점,5,빠른 응대 해주셔서 감사합니다
299,300,맥북 에어 2020년형 M1 256G 스페이스 그레이 MGN63KH/A,별점,5,역시 M1이 짱짱   
300,301,맥북 에어 2020년형 M1 256G 스페이스 그레이 MGN63KH/A,별점,5,빠른 배송 감사합니다  번창하세요   빠른 배송 감사합니다  번창하세요   빠른 배송 감사합니다  번창하세요  빠른 배송 감사합니다  번창하세요  빠른 배송 감사합니다  번창하세요  빠른 배송 감사합니다  번창하세요   빠른 배송 감사합니다  번창하세요  빠른 배송 감사합니다  번창하세요   빠른 배송 감사합니다  번창하세요   빠른 배송 감사합니다  번창하세요   빠른 배송 감사합니다  번창하세요  빠른 배송 감사합니다  번창하세요  빠른 배송 감사합니다  번창하세요  빠른 배송 감사합니다  번창하세요   빠른 배송 감사합니다  번창하세요  빠른 배송 감사합니다  번창하세요 빠른 배송 감사합니다  번창하세요   빠른 배송 감사합니다  번창하세요   빠른 배송 감사합니다  번창하세요  빠른 배송 감사합니다  번창하세요  빠른 배송 감사합니다  번창하세요  빠른 배송 감사합니다  번창하세요   빠른 배송 감사합니다  번창하세요  빠른 배송 감사합니다  번창하세요      빠른 배송 감사합니다  번창하세요   빠른 배송 감사합니다  번창하세요   빠른 배송 감사합니다  번창하세요  빠른 배송 감사합니다  번창하세요  빠른 배송 감사합니다  번창하세요  빠른 배송 감사합니다  번창하세요   빠른 배송 감사합니다  번창하세요  빠른 배송 감사합니다  번창하세요   빠른 배송 감사합니다  번창하세요   빠른 배송 감사합니다  번창하세요   빠른 배송 감사합니다  번창하세요  빠른 배송 감사합니다  번창하세요  빠른 배송 감사합니다  번창하세요  빠른 배송 감사합니다  번창하세요   빠른 배송 감사합니다  번창하세요  빠른 배송 감사합니다  번창하세요 빠른 배송 감사합니다  번창하세요   빠른 배송 감사합니다  번창하세요   빠른 배송 감사합니다  번창하세요  빠른 배송 감사합니다  번창하세요  빠른 배송 감사합니다  번창하세요  빠른 배송 감사합니다  번창하세요   빠른 배송 감사합니다  번창하세요  빠른 배송 감사합니다  번창하세요
301,302,맥북 에어 2020년형 M1 256G 스페이스 그레이 MGN63KH/A,별점,5,가성비 애플
302,303,맥북 에어 2020년형 M1 256G 스페이스 그레이 MGN63KH/A,별점,5,상품 괜찮아요 맥북은 고가제품이라 좀 불안했는데 다행히 양품인것같아요 아직 쓴지 하루밖에 안되었는데 뭐 괜찮겠죠  아직까진 문제발견된게 없어요 그래도 배송이 빨리와서 다행 
303,304,맥북 에어 2020년형 M1 256G 스페이스 그레이 MGN63KH/A,별점,5,양품으로 잘 왔어요  흔들면 나는 소리는 대부분 구매하신분들 거의 난다던데  저는 소리도 안나네요  뽑기 잘한 듯 합니다  감사해요  
304,305,맥북 에어 2020년형 M1 256G 스페이스 그레이 MGN63KH/A,별점,5,배송 빨라요 상품은 말할것도 없이 영롱하고 넘 좋아요
305,306,맥북 에어 2020년형 M1 256G 스페이스 그레이 MGN63KH/A,별점,5,빠른배송 좋아요 상품 안전하게 잘도착해습니다
306,307,맥북 에어 2020년형 M1 256G 스페이스 그레이 MGN63KH/A,별점,5,맥북에어 너무 이쁘게 잘쓰고 있어요 아이폰이랑 함께 써서 편리한점도 많고 화질 음향도 좋아서 영화볼때도 좋아요
307,308,맥북 에어 2020년형 M1 256G 스페이스 그레이 MGN63KH/A,별점,5,듯쿠너마마마맘
308,309,맥북 에어 2020년형 M1 256G 스페이스 그레이 MGN63KH/A,별점,5,120만원정도 구입한삼성노트북이있는데성능은 비교도안될만큼 대박입니다느낌도 좋고 왜 애플애플하는지 알겠습니다잘써볼께요 신세계입니다
309,310,맥북 에어 2020년형 M1 256G 스페이스 그레이 MGN63KH/A,별점,5,맥북은 처음이라 배워가는중이지만 디자인도 예쁘고 사양도 좋은거 같아요
310,311,맥북 에어 2020년형 M1 256G 스페이스 그레이 MGN63KH/A,별점,5,배송 빠르게 잘 왔어요 다행히 양품으로 왔고 싸게 잘 사서 기분이 좋네요
311,312,맥북 에어 2020년형 M1 256G 스페이스 그레이 MGN63KH/A,별점,5,이렇게 빨리 도착할 줄 몰랐어요  맥북은 처음 써보는데 잘 쓰겠습니다 
312,313,맥북 에어 2020년형 M1 256G 스페이스 그레이 MGN63KH/A,별점,5,배송 정말 빠르고 빛 받으면 로즈골드 느낌이라서 더욱 맘에 듭니다
313,314,맥북 에어 2020년형 M1 256G 스페이스 그레이 MGN63KH/A,별점,5,인생에 첫 노트북이넫 너무  좋아요 다른거는 못 사용할 것같아용
314,315,맥북 에어 2020년형 M1 256G 스페이스 그레이 MGN63KH/A,별점,5,맥북 너무 갖고싶었는데  괜찮은 가격으로 구매했어요 
315,316,맥북 에어 2020년형 M1 256G 스페이스 그레이 MGN63KH/A,별점,5,배송도 빠르고 제품도 저령하게 구입했습니다 
316,317,맥북 에어 2020년형 M1 256G 스페이스 그레이 MGN63KH/A,별점,5,좋습니다  사이즈 적당하고 맘에들어요
317,318,맥북 에어 2020년형 M1 256G 스페이스 그레이 MGN63KH/A,별점,5,배송 하루만에 오고 완저니 체고     
318,319,맥북 에어 2020년형 M1 256G 스페이스 그레이 MGN63KH/A,별점,5,진짜 무조건 사세요 두번사세요 너무 좋아요
319,320,맥북 에어 2020년형 M1 256G 스페이스 그레이 MGN63KH/A,별점,5,배송빠르고 좋습니다  성능도 굳
320,321,맥북 에어 2020년형 M1 256G 스페이스 그레이 MGN63KH/A,별점,5,역시 좋아요 잘 사용중입니당 
321,322,맥북 에어 2020년형 M1 256G 스페이스 그레이 MGN63KH/A,별점,5,제품 잘 사용중 입니다 
322,323,맥북 에어 2020년형 M1 256G 스페이스 그레이 MGN63KH/A,별점,5,맥북에어 정말 좋아요  
323,324,맥북 에어 2020년형 M1 256G 스페이스 그레이 MGN63KH/A,별점,5,배송 2일만에 왔슴다
324,325,맥북 에어 2020년형 M1 256G 스페이스 그레이 MGN63KH/A,별점,5,감사합니다
325,326,맥북 에어 2020년형 M1 256G 스페이스 그레이 MGN63KH/A,별점,5,역시나 예상대로 조용하고 가볍고 빠릿하게 잘 돌아가네요  배터리 시간은 체감하기에도 많이 늘어났네요  아무래도 구형 맥북을 쓰다가 기변을 했더니 변화가 확실하게 느껴집니다 
326,327,맥북 에어 2020년형 M1 256G 스페이스 그레이 MGN63KH/A,별점,5,뭐 애플은 디자인 품질에서 흠잡을 데가 없지요  윈도우만 사용하다가 M1 맥북이 좋다길래 입문 합니다 
327,328,맥북 에어 2020년형 M1 256G 스페이스 그레이 MGN63KH/A,별점,5,일단 배송이 참 빨라서 좋아요  온라인 할인가 적용이라 공홈보다 좀 더 저렴하게 잘 샀네요   
328,329,맥북 에어 2020년형 M1 256G 스페이스 그레이 MGN63KH/A,별점,5,배송이 빨라요   역시 맥북 영롱하네요 
329,330,맥북 에어 2020년형 M1 256G 스페이스 그레이 MGN63KH/A,별점,5,세상에서 제일 좋은 노트북을 뽑으라면 당연 이걸 뽑습니다
330,331,맥북 에어 2020년형 M1 256G 스페이스 그레이 MGN63KH/A,별점,5,너어어어무 좋습니다  윌리스 짱 애플워치도 윌리스에서 샀어요
331,332,맥북 에어 2020년형 M1 256G 스페이스 그레이 MGN63KH/A,별점,5,맥북 처음 써보는데 익숙해지니까 엄청 편합니다
332,333,맥북 에어 2020년형 M1 256G 스페이스 그레이 MGN63KH/A,별점,5,데드픽셀 하나있긴한대 걍 씁니다 가볍고 좋아요
333,334,맥북 에어 2020년형 M1 256G 스페이스 그레이 MGN63KH/A,별점,5,드디오 맥북을 구매했습니다  윈도우 안뇽
334,335,맥북 에어 2020년형 M1 256G 스페이스 그레이 MGN63KH/A,별점,5,배송도 빠르고 저렴한 가격에 잘 삿어요 상담원분도 너무 친절하시고요 감사합니다
335,336,맥북 에어 2020년형 M1 256G 스페이스 그레이 MGN63KH/A,별점,5,무조건 사세요  고민할 필요 없습니다 
336,337,맥북 에어 2020년형 M1 256G 스페이스 그레이 MGN63KH/A,별점,5,훨씬 컴팩트해진 맥에어 너무 좋아요  
337,338,맥북 에어 2020년형 M1 256G 스페이스 그레이 MGN63KH/A,별점,5,배송도 진짜 빠르고 제품도 확실해요
338,339,맥북 에어 2020년형 M1 256G 스페이스 그레이 MGN63KH/A,별점,5,배송도 빠르고포장도 잘왔어요
339,340,맥북 에어 2020년형 M1 256G 스페이스 그레이 MGN63KH/A,별점,5,배송도 빠르고 아주 만족합니다
340,341,맥북 에어 2020년형 M1 256G 스페이스 그레이 MGN63KH/A,별점,5,베리굿입니다 한번써보세요
341,342,맥북 에어 2020년형 M1 256G 스페이스 그레이 MGN63KH/A,별점,5,성능도 좋고 너무 이뻐요
342,343,맥북 에어 2020년형 M1 256G 스페이스 그레이 MGN63KH/A,별점,5,배송 생각보다 빨랐어요
343,344,맥북 에어 2020년형 M1 256G 스페이스 그레이 MGN63KH/A,별점,5,예뻐요 저렴하게샀어요
344,345,맥북 에어 2020년형 M1 256G 스페이스 그레이 MGN63KH/A,별점,5,싸게 양품 잘 샀습니다
345,346,맥북 에어 2020년형 M1 256G 스페이스 그레이 MGN63KH/A,별점,5,배송 빨랐구요  작동 잘 됩니다  맥북 처음 써보는 데 좋네요  만족합니다 
346,347,맥북 에어 2020년형 M1 256G 스페이스 그레이 MGN63KH/A,별점,5,정말 빠릿하고 배터리 오래가요   맥은 처음인데 처음 며칠 고비만 넘기면 정말 쓸만해요 
347,348,맥북 에어 2020년형 M1 256G 스페이스 그레이 MGN63KH/A,별점,5,빠른배송 감사합니다  잘 쓰겠습니다 
348,349,맥북 에어 2020년형 M1 256G 스페이스 그레이 MGN63KH/A,별점,5,배송도 빠르고 무엇보다 다른 사이트와 비교해서 가격은 큰 차이 없지만 무이자 할부 기간이 길어서 큰 부담 없이 구매할 수 있어서 좋았습니다 
349,350,맥북 에어 2020년형 M1 256G 스페이스 그레이 MGN63KH/A,별점,5,배송은 빠른편은 아니었지만 그래도 안전하게 잘 도착했어요 색상 실버로 했는데 역시 넘 예쁘네요 잘 사용하겠습니다
350,351,맥북 에어 2020년형 M1 256G 스페이스 그레이 MGN63KH/A,별점,5,안전배송으로 빨리왔어요 너무 갖고싶었는데 성능좋고 조용하고가볍고 열이 나지않아 오래들고있어도 뜨겁지않습니다 좋아요
351,352,맥북 에어 2020년형 M1 256G 스페이스 그레이 MGN63KH/A,별점,5,빠른 배송 안전배송 감사해요 
352,353,맥북 에어 2020년형 M1 256G 스페이스 그레이 MGN63KH/A,별점,5,선물용으로 구매했는데 배송 빠르네요  
353,354,맥북 에어 2020년형 M1 256G 스페이스 그레이 MGN63KH/A,별점,5,늦었지만 사용해본 결과로 이번 M1 cpu 성능 대만족입니다  가격도 만족입니다  추천드립니다 
354,355,맥북 에어 2020년형 M1 256G 스페이스 그레이 MGN63KH/A,별점,5,맥북에어 아주 만족합니다  윌리스몰도 네이버페이결제 되어 포인트 적립되어 싸게 잘산것같네요 
355,356,맥북 에어 2020년형 M1 256G 스페이스 그레이 MGN63KH/A,별점,5,배송도 빠르게 도착했고 처음 써보는 맥인데 만족스럽습니다 
356,357,맥북 에어 2020년형 M1 256G 스페이스 그레이 MGN63KH/A,별점,5,배송 하루만에 왔어요 포장상태깔끔하고 박스뜯는맛 좋아요
357,358,맥북 에어 2020년형 M1 256G 스페이스 그레이 MGN63KH/A,별점,5,잘받았습니다 사은품 변경건은 미리 통보를 주셧으면 좋았을텐데 아쉽네요 제품은 잘 사용하겠습니다
358,359,맥북 에어 2020년형 M1 256G 스페이스 그레이 MGN63KH/A,별점,5,배송이 조금 늦었지만 맘에드니  만족합니다    
359,360,맥북 에어 2020년형 M1 256G 스페이스 그레이 MGN63KH/A,별점,5,M1 칩 정말 좋아요     최고에요 후회가 없네요
360,361,맥북 에어 2020년형 M1 256G 스페이스 그레이 MGN63KH/A,별점,5,배송도 빠르고 물건도 너무 좋아요 잘 쓸게요
361,362,맥북 에어 2020년형 M1 256G 스페이스 그레이 MGN63KH/A,별점,5,배송도 빠르고 저렴하게 잘 사서 맘에들어요
362,363,맥북 에어 2020년형 M1 256G 스페이스 그레이 MGN63KH/A,별점,5,너무좋아요  배송도 빠르고 양품이네요  
363,364,맥북 에어 2020년형 M1 256G 스페이스 그레이 MGN63KH/A,별점,5,안전하게 잘 배송 되었고 작동 잘 됩니다
364,365,맥북 에어 2020년형 M1 256G 스페이스 그레이 MGN63KH/A,별점,5,첫 맥북인데 너무 만족합니다
365,366,맥북 에어 2020년형 M1 256G 스페이스 그레이 MGN63KH/A,별점,5,양품을 받았네요  잘 쓸께요
366,367,맥북 에어 2020년형 M1 256G 스페이스 그레이 MGN63KH/A,별점,5,꼼꼼한 안정포장 감동
367,368,맥북 에어 2020년형 M1 256G 스페이스 그레이 MGN63KH/A,별점,5,잘 사용하겠습니다
368,369,맥북 에어 2020년형 M1 256G 스페이스 그레이 MGN63KH/A,별점,5,선물잘했음
369,370,맥북 에어 2020년형 M1 256G 스페이스 그레이 MGN63KH/A,별점,5,백북 에어 이 정도 가격이면 최저가로 구매한 듯 합니다  중딩 아이 학교 줌수업 들으려고 샀는데  기대했던 만큼 다 좋네요  잘 사용하겠습니다  판매자님 번창하세요  
370,371,맥북 에어 2020년형 M1 256G 스페이스 그레이 MGN63KH/A,별점,5,좋습니다 애플 신제품이 나왔다고 해서 눈팅하다가 저렴한 가격에 나와서 구매했습니다  기본 색상으로 산거 잘한거 같구요  워낙 유명하니 다른 불만 없어요  디자인 무게 성능 만족합니다   
371,372,맥북 에어 2020년형 M1 256G 스페이스 그레이 MGN63KH/A,별점,5,배송이 아주 빨라서 매우 마음에들어요 재구매 의사 확실히 있고요 감사합니다
372,373,맥북 에어 2020년형 M1 256G 스페이스 그레이 MGN63KH/A,별점,5,와우  겁나게 어려워요   
373,374,맥북 에어 2020년형 M1 256G 스페이스 그레이 MGN63KH/A,별점,5,일단 배송이 너무너무 빨라서 좋았습니다  아이폰만 쓰던 사람이라 딱히 불편하지 않았습니다 
374,375,맥북 에어 2020년형 M1 256G 스페이스 그레이 MGN63KH/A,별점,5,배송진짜 빠르게 왔어요 포장상태도 좋았구요
375,376,맥북 에어 2020년형 M1 256G 스페이스 그레이 MGN63KH/A,별점,5,맥북은 역시 맥북입니다 진짜 좋아요
376,377,맥북 에어 2020년형 M1 256G 스페이스 그레이 MGN63KH/A,별점,5,싼 가격에 사서 지금까지 만족스럽게 쓰고있습니다  몇년은 더 쓸수 있을듯하네요
377,378,맥북 에어 2020년형 M1 256G 스페이스 그레이 MGN63KH/A,별점,5,역시 애플감성 오집니다  대만족 스페이스 그레이 너무 예뻐효   
378,379,맥북 에어 2020년형 M1 256G 스페이스 그레이 MGN63KH/A,별점,5,m1 맥북은 진리 아니겡습니까 가성비 지리는 퍼포먼스 굿굿
379,380,맥북 에어 2020년형 M1 256G 스페이스 그레이 MGN63KH/A,별점,5,빠르게 배송 됐고 안전하게 잘 받았습니다 디자인 
380,381,맥북 에어 2020년형 M1 256G 스페이스 그레이 MGN63KH/A,별점,5,믿고 쓰는 맥북에어생각보다 가볍진 않습니다
381,382,맥북 에어 2020년형 M1 256G 스페이스 그레이 MGN63KH/A,별점,5,도착 예상한 날짜에 맞춰서 편의점에 잘 도착했습니다    빠른 배송 감사합니다 
382,383,맥북 에어 2020년형 M1 256G 스페이스 그레이 MGN63KH/A,별점,5,첫 구입한 맥북  아주 만족합니다  
383,384,맥북 에어 2020년형 M1 256G 스페이스 그레이 MGN63KH/A,별점,5,배송빠르게왔고 양품으로 왔네요
384,385,맥북 에어 2020년형 M1 256G 스페이스 그레이 MGN63KH/A,별점,5,명불허전 맥북입니다 잘쓸게요
385,386,맥북 에어 2020년형 M1 256G 스페이스 그레이 MGN63KH/A,별점,5,양품 받았고 배송 빨랐어요
386,387,맥북 에어 2020년형 M1 256G 스페이스 그레이 MGN63KH/A,별점,5,애플  더이상 무슨말   
387,388,맥북 에어 2020년형 M1 256G 스페이스 그레이 MGN63KH/A,별점,5,드디어 맥북에어M1으로 입문합니다 완전 새로운 세상이 기다리고 있네요 엄청 빠른 배송으로 어제 주문하고 오늘 오후에 받아서 잠시 세팅해보았는데 말로다 할수없네요   이제 열심히 맥북 공부해야 겠습니다
388,389,맥북 에어 2020년형 M1 256G 스페이스 그레이 MGN63KH/A,별점,5,이전에 프로쓰다가 동생줬는데 이번에 다시 사서 쓰는데 좋네요
389,390,맥북 에어 2020년형 M1 256G 스페이스 그레이 MGN63KH/A,별점,5,배터리 오래가고 작고 디자인 좋아 가지고 다니기 최적입니다  발열적고 빠릅니다  m1칩이 갑입니다 
390,391,맥북 에어 2020년형 M1 256G 스페이스 그레이 MGN63KH/A,별점,5,배송 완전 빠르고 맥북도 너무 예쁜데다배송 상태도 좋아요
391,392,맥북 에어 2020년형 M1 256G 스페이스 그레이 MGN63KH/A,별점,5,일단 배송이 하루만에 와서 매우 빨랐습니다타사대비 많은 할인에 할부까지 좋았습니다벌써 11번가에서 애플제품3번째 구매네요
392,393,맥북 에어 2020년형 M1 256G 스페이스 그레이 MGN63KH/A,별점,5,dfksdfsldmf sdlf smdlfsm dlfms ld
393,394,맥북 에어 2020년형 M1 256G 스페이스 그레이 MGN63KH/A,별점,5,생각보다 빨리 도착했어요발송일 미정이고 입고일도 몰라서 취소하고 다른데서 사려고 했는데 주문 다음날 발송 해주셔서 빨리받았습니다
394,395,맥북 에어 2020년형 M1 256G 스페이스 그레이 MGN63KH/A,별점,5,맥북    사  사   너무좋아 배동도 칼배송
395,396,맥북 에어 2020년형 M1 256G 스페이스 그레이 MGN63KH/A,별점,5,감사합니다  잘받았어요 
396,397,맥북 에어 2020년형 M1 256G 스페이스 그레이 MGN63KH/A,별점,5,노트북이 가볍고 빠르고 선명하고    밧데리도 오래가는거같아요
397,398,맥북 에어 2020년형 M1 256G 스페이스 그레이 MGN63KH/A,별점,5,주문하자 다음날 도착가격도 더 싸게 구입에어는 처음이지만 이번건 프로랑 퍼포먼스 차이도 없어서영상편집에 사용할 예정이고요예전 모델들보다 베젤이 작아 전체적으로 더 작은거 같네요
398,399,맥북 에어 2020년형 M1 256G 스페이스 그레이 MGN63KH/A,별점,5,배송빠르고 좋아요 더 써봐야알겠지만 맥북 좋습니다
399,400,맥북 에어 2020년형 M1 256G 스페이스 그레이 MGN63KH/A,별점,5,멋져요 맥북에어 발열도 심하지 않고 잘 돌아갑니다 
400,401,맥북 에어 2020년형 M1 256G 스페이스 그레이 MGN63KH/A,별점,5,색감 완전 좋아요 역시 맥북으론 롤 힘듬  
401,402,맥북 에어 2020년형 M1 256G 스페이스 그레이 MGN63KH/A,별점,5,저렴하게 잘 샀습니다   만족스럽네요  
402,403,맥북 에어 2020년형 M1 256G 스페이스 그레이 MGN63KH/A,별점,5,짱 조용합니다  배터리도 오래 가네요 
403,404,맥북 에어 2020년형 M1 256G 스페이스 그레이 MGN63KH/A,별점,5,싼 값에 잘 구매했어요   감사합니다 
404,405,맥북 에어 2020년형 M1 256G 스페이스 그레이 MGN63KH/A,별점,5,싸게 잘 구입했어요 만족합니다
405,406,맥북 에어 2020년형 M1 256G 스페이스 그레이 MGN63KH/A,별점,5,베터리도 오래가고 좋습니다
406,407,맥북 에어 2020년형 M1 256G 스페이스 그레이 MGN63KH/A,별점,5,넘좋습니당 예쁩니다 
407,408,맥북 에어 2020년형 M1 256G 스페이스 그레이 MGN63KH/A,별점,5,좋아요 m1칩 빠릿하고 발열적고 최고에요  디자인 깔끔하고 맥북중 저렴하고 성능또한 아깝지 않아요 
408,409,맥북 에어 2020년형 M1 256G 스페이스 그레이 MGN63KH/A,별점,5,너무맘에듭니다 2021년 6월 생산품이라니 따끈따끈하네요 감사합니다   
409,410,맥북 에어 2020년형 M1 256G 스페이스 그레이 MGN63KH/A,별점,5,완벽하네요  발열 없고  속도 빠르고  아이폰 아이패드 앱 호완 사용 가능합니다  지문 인식도 빠르고 좋습니다 
410,411,맥북 에어 2020년형 M1 256G 스페이스 그레이 MGN63KH/A,별점,5,조아요조아죠오자요조아요
411,412,맥북 에어 2020년형 M1 256G 스페이스 그레이 MGN63KH/A,별점,5,배송이 빠르고 제품 퀄리티가 아주 좋습니다  좋은 물건 잘 받았습니다 
412,413,맥북 에어 2020년형 M1 256G 스페이스 그레이 MGN63KH/A,별점,5,무게도 가볍고 웹서핑이며 문서작성이며 수월해요 발열이 있다는 얘기가 있었는데 무거운 프로그램을 돌리지않아서 그런지 발열은 없었습니다
413,414,맥북 에어 2020년형 M1 256G 스페이스 그레이 MGN63KH/A,별점,5,삶의질 향상    너무좋아요 엉엉TT 신한카드 행사할때 십만원이나 싸게 사서 더 쀼듯합니당
414,415,맥북 에어 2020년형 M1 256G 스페이스 그레이 MGN63KH/A,별점,5,안전하고 빠른배송 감사합니다
415,416,맥북 에어 2020년형 M1 256G 스페이스 그레이 MGN63KH/A,별점,5,상품 상태도 좋고 배송 빠름
416,417,맥북 에어 2020년형 M1 256G 스페이스 그레이 MGN63KH/A,별점,5,배달 파업으로 배달이 지연되었습니다  셀러는 다른 주소로 다시 보내는데 큰 도움이 되었습니다 감사합니다
417,418,맥북 에어 2020년형 M1 256G 스페이스 그레이 MGN63KH/A,별점,5,기존 맥북 12인치 사용자라 체감 속도가 어마어마한 차이가 났습니다  동영상 편집 후 추출해보니 그 속도가 체감되더라구요  여러 유튜버들의 리뷰가 거짓이 아니었습니다 m1 강추합니다
418,419,맥북 에어 2020년형 M1 256G 스페이스 그레이 MGN63KH/A,별점,5,너무너무이쁘고편해요
419,420,맥북 에어 2020년형 M1 256G 스페이스 그레이 MGN63KH/A,별점,5,보자마자 너무 예쁘고 조용하고 발열도 없고 아주 좋습니다
420,421,맥북 에어 2020년형 M1 256G 스페이스 그레이 MGN63KH/A,별점,5,배송이 약간 늦어지긴 했지만 정말이쁘네요 앤 100일 선물로 줬습니다  뽀대 장난아닙니다    
421,422,맥북 에어 2020년형 M1 256G 스페이스 그레이 MGN63KH/A,별점,5,처음 맥북  스페이스 그레이  사용해 보는데 좋습니다 
422,423,맥북 에어 2020년형 M1 256G 스페이스 그레이 MGN63KH/A,별점,5,성능은 뭐 말할것도 없고 애플이 가성비라니 강추함
423,424,맥북 에어 2020년형 M1 256G 스페이스 그레이 MGN63KH/A,별점,5,빠르고 좋은 성능 지금 시점 최고의 가성비
424,425,맥북 에어 2020년형 M1 256G 스페이스 그레이 MGN63KH/A,별점,5,두말이 필요없어요 예쁘고 만족스럽습니다
425,426,맥북 에어 2020년형 M1 256G 스페이스 그레이 MGN63KH/A,별점,5,아들 선물로 구매했는데  너무 좋다고해요
426,427,맥북 에어 2020년형 M1 256G 스페이스 그레이 MGN63KH/A,별점,5,가볍고 빠르고 모든 면에서 퍼펙트해요 
427,428,맥북 에어 2020년형 M1 256G 스페이스 그레이 MGN63KH/A,별점,5,아이가 너무 좋아해요 예쁘고 가벼워요
428,429,맥북 에어 2020년형 M1 256G 스페이스 그레이 MGN63KH/A,별점,5,정말 만족스러워요  너무 좋네요 
429,430,맥북 에어 2020년형 M1 256G 스페이스 그레이 MGN63KH/A,별점,5,배송도 빠르고 엄청 이쁩니다 
430,431,맥북 에어 2020년형 M1 256G 스페이스 그레이 MGN63KH/A,별점,5,가볍게 쓰게 구매했습니다 
431,432,맥북 에어 2020년형 M1 256G 스페이스 그레이 MGN63KH/A,별점,5,와 정말 애플은 진리입니다
432,433,맥북 에어 2020년형 M1 256G 스페이스 그레이 MGN63KH/A,별점,5,배송빠르고 역시 맥입니다
433,434,맥북 에어 2020년형 M1 256G 스페이스 그레이 MGN63KH/A,별점,5,대학생딸이 좋아라 합니다
434,435,맥북 에어 2020년형 M1 256G 스페이스 그레이 MGN63KH/A,별점,5,별문제없고 추천드립니다
435,436,맥북 에어 2020년형 M1 256G 스페이스 그레이 MGN63KH/A,별점,5,배송이너무나도빨랏어요
436,437,맥북 에어 2020년형 M1 256G 스페이스 그레이 MGN63KH/A,별점,5,좋아요 잘 쓰고 있습니다
437,438,맥북 에어 2020년형 M1 256G 스페이스 그레이 MGN63KH/A,별점,5,빠른배송 좋습니다 
438,439,맥북 에어 2020년형 M1 256G 스페이스 그레이 MGN63KH/A,별점,5,좋아요 잘받았습니다
439,440,맥북 에어 2020년형 M1 256G 스페이스 그레이 MGN63KH/A,별점,5,빠른배송 조라요  
440,441,맥북 에어 2020년형 M1 256G 스페이스 그레이 MGN63KH/A,별점,5,빠른 배송 좋아요 
441,442,맥북 에어 2020년형 M1 256G 스페이스 그레이 MGN63KH/A,별점,5,왜 맥북맥북 거리는지 받아보니 알거 같습니다 마감부터 디자인 성능까지 대박입니다 
442,443,맥북 에어 2020년형 M1 256G 스페이스 그레이 MGN63KH/A,별점,5,말모말모 너무 좋아요
443,444,맥북 에어 2020년형 M1 256G 스페이스 그레이 MGN63KH/A,별점,5,굿이에요 
444,445,맥북 에어 2020년형 M1 256G 스페이스 그레이 MGN63KH/A,별점,5,만족스러워용   색도 스그로 해서 질리지 않고 잘 쓸 것 같아요  배송이 매우 빨랐고 다만 박스에 맥북박스만 와서 조금 불안했는데 여러 테스트 해도 잘 되네용
445,446,맥북 에어 2020년형 M1 256G 스페이스 그레이 MGN63KH/A,별점,5,엄청 빠른 배송이네요  스페이스 그레이가 생각보다 어둡지 않고 좋습니다  커다란 아이패드를 쓰는 기분이에요  C타입 usb 허브만 추가로 갖추면 완벽하겠습니다 
446,447,맥북 에어 2020년형 M1 256G 스페이스 그레이 MGN63KH/A,별점,5,역시 맥북 최고  짱
447,448,맥북 에어 2020년형 M1 256G 스페이스 그레이 MGN63KH/A,별점,5,좋아요 마니마니파세요                                                                           
448,449,맥북 에어 2020년형 M1 256G 스페이스 그레이 MGN63KH/A,별점,5,별 문제 없이 잘 쓰고 있는데 무게가 좀 나간다는게 아쉽네요 그거 빼고는 다 마음대 들어요
449,450,맥북 에어 2020년형 M1 256G 스페이스 그레이 MGN63KH/A,별점,5,배송이 빨라서 좋았어요 
450,451,맥북 에어 2020년형 M1 256G 스페이스 그레이 MGN63KH/A,별점,5,역시애플포장부터 다르네요디자인하며 성능하며 최고에요앞으로 사용기대기대요참스피커도 꽤 크게나외요
451,452,맥북 에어 2020년형 M1 256G 스페이스 그레이 MGN63KH/A,별점,5,배송 빠르게 안전하게 왔어요맥북 첨 써보는데 완전 좋아요
452,453,맥북 에어 2020년형 M1 256G 스페이스 그레이 MGN63KH/A,별점,5,배송 하루만에 왔고 상품도 문제없어 잘 쓰고 있습니다
453,454,맥북 에어 2020년형 M1 256G 스페이스 그레이 MGN63KH/A,별점,5,M1 맥북 신세계 가성비  가볍고 조용하고 빠르고 이뿌다
454,455,맥북 에어 2020년형 M1 256G 스페이스 그레이 MGN63KH/A,별점,5,잘 쓰고 있습니다 기본형에서는 가성비로 최고인듯
455,456,맥북 에어 2020년형 M1 256G 스페이스 그레이 MGN63KH/A,별점,5,제품 배송도 빠르고 생각했던거보다 속도도 빨라요
456,457,맥북 에어 2020년형 M1 256G 스페이스 그레이 MGN63KH/A,별점,5,다른곳 다 품절이라 여기서 샀어요  좋네요
457,458,맥북 에어 2020년형 M1 256G 스페이스 그레이 MGN63KH/A,별점,5,좋아요 싸게 잘 구입했어요 만족합니다
458,459,맥북 에어 2020년형 M1 256G 스페이스 그레이 MGN63KH/A,별점,5,그냥 열자마자 켜져서 깜놀햇어용
459,460,맥북 에어 2020년형 M1 256G 스페이스 그레이 MGN63KH/A,별점,5,빠르고 안전한 배송 만족합니다 
460,461,맥북 에어 2020년형 M1 256G 스페이스 그레이 MGN63KH/A,별점,5,일단 배송 빠릅니다 제품에 하자도 없는 것 같고  성능이 매우 좋습니다 다들 m1 m1하는 이유가 있네요 
461,462,맥북 에어 2020년형 M1 256G 스페이스 그레이 MGN63KH/A,별점,5,깔끔하고 품질도 무난합니다 
462,463,맥북 에어 2020년형 M1 256G 스페이스 그레이 MGN63KH/A,별점,5,역시 아주 좋네요 만족합니다
463,464,맥북 에어 2020년형 M1 256G 스페이스 그레이 MGN63KH/A,별점,5,배송 빠르고 하자도 없어요 
464,465,맥북 에어 2020년형 M1 256G 스페이스 그레이 MGN63KH/A,별점,5,빠른 배송 잘받았습니다  
465,466,맥북 에어 2020년형 M1 256G 스페이스 그레이 MGN63KH/A,별점,5,배송이 빨라서 좋아요  
466,467,맥북 에어 2020년형 M1 256G 스페이스 그레이 MGN63KH/A,별점,5,배송이 빨라서 좋아요
467,468,맥북 에어 2020년형 M1 256G 스페이스 그레이 MGN63KH/A,별점,5,저렴하게 잘 샀어요
468,469,맥북 에어 2020년형 M1 256G 스페이스 그레이 MGN63KH/A,별점,5,여윽시 맥북 
469,470,맥북 에어 2020년형 M1 256G 스페이스 그레이 MGN63KH/A,별점,5,빠른 배송 감사합니다  번창하세요  빠른 배송 감사합니다  번창하세요  빠른 배송 감사합니다  번창하세요  빠른 배송 감사합니다  번창하세요  빠른 배송 감사합니다  번창하세요  빠른 배송 감사합니다  번창하세요  빠른 배송 감사합니다  번창하세요  빠른 배송 감사합니다  번창하세요  빠른 배송 감사합니다  번창하세요  빠른 배송 감사합니다  번창하세요  
470,471,맥북 에어 2020년형 M1 256G 스페이스 그레이 MGN63KH/A,별점,5,배송도 빠르고 좋네요 맥북프로 16인치 고급형 사용했었는데 인터넷서핑 등 가벼운 것만 해보긴 했는데 이게 속도가 더 빠르게 느껴지네요  좋아요 
471,472,맥북 에어 2020년형 M1 256G 스페이스 그레이 MGN63KH/A,별점,5,제품을 안전하고 빠르게 배송해주셔서 좋았습니다 택배배송이라서 분실도 걱정했습니다만 박스에 제품표시가 안되어 있어서 다행이였어요  열어보기 전까지는 모르겠더군요 
472,473,맥북 에어 2020년형 M1 256G 스페이스 그레이 MGN63KH/A,별점,5,배송 초빠르네요  이번에 나온 맥북에어 잘 샀습니다 
473,474,맥북 에어 2020년형 M1 256G 스페이스 그레이 MGN63KH/A,별점,5,듣던대로 트랩패드에 적응하니 아주 편리해서 굳이 마우스 없이도 잘 쓸 수 있겠어요 
474,475,맥북 에어 2020년형 M1 256G 스페이스 그레이 MGN63KH/A,별점,5,매우 만족합니다 또 구매 예정입니다
475,476,맥북 에어 2020년형 M1 256G 스페이스 그레이 MGN63KH/A,별점,5,받는데 약간이 문제는 있었지만 애플매니아 로서 그래도 만족 합니다  하이마트 가요 
476,477,맥북 에어 2020년형 M1 256G 스페이스 그레이 MGN63KH/A,별점,5,아직 하자 있는건 모르겠고 배송도 2일만에 오고 너무 이뻐요 간지쩔
477,478,맥북 에어 2020년형 M1 256G 스페이스 그레이 MGN63KH/A,별점,5,맥북에어 최고예요 제품 빠르게 잘받았습니다
478,479,맥북 에어 2020년형 M1 256G 스페이스 그레이 MGN63KH/A,별점,5,배송 정말 빠르고 좋아요       만족합니다
479,480,맥북 에어 2020년형 M1 256G 스페이스 그레이 MGN63KH/A,별점,5,가볍고 좋네요 공부와 문서작성에 딱입니다 
480,481,맥북 에어 2020년형 M1 256G 스페이스 그레이 MGN63KH/A,별점,5,만족합니다만족합니다
481,482,맥북 에어 2020년형 M1 256G 스페이스 그레이 MGN63KH/A,별점,5,정말 만족스럽습니다  조용하고 빨라요 
482,483,맥북 에어 2020년형 M1 256G 스페이스 그레이 MGN63KH/A,별점,5,m1 칩이라 살짝 고민했는데 좋네요    
483,484,맥북 에어 2020년형 M1 256G 스페이스 그레이 MGN63KH/A,별점,5,배송도 빠르고 제품도 만족입니다 
484,485,맥북 에어 2020년형 M1 256G 스페이스 그레이 MGN63KH/A,별점,5,배송도 빠르고  상품도 기대되네요
485,486,맥북 에어 2020년형 M1 256G 스페이스 그레이 MGN63KH/A,별점,5,맥북인데 말해 뭐하겠습니까     
486,487,맥북 에어 2020년형 M1 256G 스페이스 그레이 MGN63KH/A,별점,5,역시 애플이에요 굿굿 최곱니다
487,488,맥북 에어 2020년형 M1 256G 스페이스 그레이 MGN63KH/A,별점,5,양품  기스없이 깨끗하네요 
488,489,맥북 에어 2020년형 M1 256G 스페이스 그레이 MGN63KH/A,별점,5,문제없이 잘쓰고 있씁니다 
489,490,맥북 에어 2020년형 M1 256G 스페이스 그레이 MGN63KH/A,별점,5,깔끔하고 좋아요 
490,491,맥북 에어 2020년형 M1 256G 스페이스 그레이 MGN63KH/A,별점,5,발열도 없고 소음도 없고무엇보다도 역시 애플은 간지가 작살입니다
491,492,맥북 에어 2020년형 M1 256G 스페이스 그레이 MGN63KH/A,별점,5,배송빠르고 좋습니다
492,493,맥북 에어 2020년형 M1 256G 스페이스 그레이 MGN63KH/A,별점,5,잘샀어요 굿굿 짱 
493,494,맥북 에어 2020년형 M1 256G 스페이스 그레이 MGN63KH/A,별점,5,빠른 배송 좋은 품질 감사합니다 
494,495,맥북 에어 2020년형 M1 256G 스페이스 그레이 MGN63KH/A,별점,5,제가 마지막 재고를 샀나보네요  안 샀으면 몇 주 기다려서 살뻔 햇네요  제품 좋은거야 유튜브에 이미 많고 일단 네이버페이라서 좋구요 그리고 배송이 빨라서 좋습니다  하루도 지연없이 바로 받았어요 감사합니다
495,496,맥북 에어 2020년형 M1 256G 스페이스 그레이 MGN63KH/A,별점,5,이래서 맥북맥북 하나봅니다
496,497,맥북 에어 2020년형 M1 256G 스페이스 그레이 MGN63KH/A,별점,5,조금 더 가격이 내렸을때 사면 좋앗겟지만 그래도 가격은 만족해요다만 완벽한 상품은 없겟지만 조금 스크래치는 잇더라구요그래도 그냥 사용할땐 아무문제없어서 잘사용중입니다
497,498,맥북 에어 2020년형 M1 256G 스페이스 그레이 MGN63KH/A,별점,5,아무런 하자없이 잘 받았습니다  물건 상태도 양호하고 정말 가성비 좋은 노트북 최고입니다 
498,499,맥북 에어 2020년형 M1 256G 스페이스 그레이 MGN63KH/A,별점,5,배송 짱빠릅니다   딸아이 선물인데 넘넘좋아하네요   
499,500,맥북 에어 2020년형 M1 256G 스페이스 그레이 MGN63KH/A,별점,5,역시나 예쁘고 빠르고 아주아주 만족만족스러워용
500,501,맥북 에어 2020년형 M1 256G 스페이스 그레이 MGN63KH/A,별점,5,고민고민하다가 자주 이용하던 11번가에서 구매했는데 때마침 할인쿠폰으로 더 할인받아 샀습니다  넘나 마음에 듭니다  
501,502,맥북 에어 2020년형 M1 256G 스페이스 그레이 MGN63KH/A,별점,5,성능과 디자인 모든 면에서 만족합니다 
502,503,맥북 에어 2020년형 M1 256G 스페이스 그레이 MGN63KH/A,별점,5,이야 기게 맥북에어구나  타건감 지리네
503,504,맥북 에어 2020년형 M1 256G 스페이스 그레이 MGN63KH/A,별점,5,배송도 빠르고 상품도 만족합니다 
504,505,맥북 에어 2020년형 M1 256G 스페이스 그레이 MGN63KH/A,별점,5,오래 기다렸지만 만족스럽습니다
505,506,맥북 에어 2020년형 M1 256G 스페이스 그레이 MGN63KH/A,별점,5,배송 아주 빠르고  제품 좋습니다
506,507,맥북 에어 2020년형 M1 256G 스페이스 그레이 MGN63KH/A,별점,5,좋아요  잘산거같아요
507,508,맥북 에어 2020년형 M1 256G 스페이스 그레이 MGN63KH/A,별점,5,감사합니다 상태 좋아요 
508,509,맥북 에어 2020년형 M1 256G 스페이스 그레이 MGN63KH/A,별점,5,가볍고 빠르고 만족합니다 
509,510,맥북 에어 2020년형 M1 256G 스페이스 그레이 MGN63KH/A,별점,5,크     넘 좋아요
510,511,맥북 에어 2020년형 M1 256G 스페이스 그레이 MGN63KH/A,별점,5,배송빨라요
511,512,맥북 에어 2020년형 M1 256G 스페이스 그레이 MGN63KH/A,별점,5,좋습니다  발열 관리도 잘 되고 속도도 빠릅니다 
512,513,맥북 에어 2020년형 M1 256G 스페이스 그레이 MGN63KH/A,별점,5,맥북처음 사용해보는데 이래서 다들 맥북맥북하는가봐요 
513,514,맥북 에어 2020년형 M1 256G 스페이스 그레이 MGN63KH/A,별점,5,성능  디자인 흠잡을때가 없습니다 처음으로 사용해본 맥os 어렵지만 윈도우와는 다른 재미가 있어서 좋네요   
514,515,맥북 에어 2020년형 M1 256G 스페이스 그레이 MGN63KH/A,별점,5,젤 저렴한 가격으로 구매했습니다  교육할인 받는거보다도 싸게 구매했네요  아주 좋습니다 
515,516,맥북 에어 2020년형 M1 256G 스페이스 그레이 MGN63KH/A,별점,5,국내 최저가로 잘 샀습니다  진작 살걸 
516,517,맥북 에어 2020년형 M1 256G 스페이스 그레이 MGN63KH/A,별점,5,문제없이 잘 사용하고있습니다 빠르고 배송기사님이 친절합니다
517,518,맥북 에어 2020년형 M1 256G 스페이스 그레이 MGN63KH/A,별점,5,좋은물건 만족하며 사용하고 있습니다  배터리 진짜 오래 가요 
518,519,맥북 에어 2020년형 M1 256G 스페이스 그레이 MGN63KH/A,별점,5,사위에게 미리 생일 선물했는데 매우 만족해 합니다
519,520,맥북 에어 2020년형 M1 256G 스페이스 그레이 MGN63KH/A,별점,5,상품은 만족합니가 조요하고가볍고 배송기간에대한 공지가 잘 되었으면 합니다
520,521,맥북 에어 2020년형 M1 256G 스페이스 그레이 MGN63KH/A,별점,5,오래걸릴줄 알았는데 빨리도착했습니다 굿
521,522,맥북 에어 2020년형 M1 256G 스페이스 그레이 MGN63KH/A,별점,5,다른곳보다 가장 저렴하고 배송빨랐어요  
522,523,맥북 에어 2020년형 M1 256G 스페이스 그레이 MGN63KH/A,별점,5,배송빠르고 품질 디자인이 정말 좋아요
523,524,맥북 에어 2020년형 M1 256G 스페이스 그레이 MGN63KH/A,별점,5,맥북 구매해봤는데 배송이 빠르네여
524,525,맥북 에어 2020년형 M1 256G 스페이스 그레이 MGN63KH/A,별점,5,맥북입니다  뭔 말이 필요한가여
525,526,맥북 에어 2020년형 M1 256G 스페이스 그레이 MGN63KH/A,별점,5,애플이니까 기본이상은 합니다
526,527,맥북 에어 2020년형 M1 256G 스페이스 그레이 MGN63KH/A,별점,5,배송 빠르게 잘 받았습니다
527,528,맥북 에어 2020년형 M1 256G 스페이스 그레이 MGN63KH/A,별점,5,가격도 최저가이고 배송도 이틀만에 와서 완전 만족합니다   
528,529,맥북 에어 2020년형 M1 256G 스페이스 그레이 MGN63KH/A,별점,5,갖고싶던 맥북    저렴하게 구매 잘 했어요 하지만 역시 기스가 잘 나는 재질이니만큼 빨리 필름을 사야겠어요  
529,530,맥북 에어 2020년형 M1 256G 스페이스 그레이 MGN63KH/A,별점,5,싼 가격에 잘샀습니다 감사합니다
530,531,맥북 에어 2020년형 M1 256G 스페이스 그레이 MGN63KH/A,별점,5,중간에 오배송이 돼서 하루 늦어졌지만 다행히 문제없이 잘 받았어요 성능 좋고 조용하고 잘쓰고있어요
531,532,맥북 에어 2020년형 M1 256G 스페이스 그레이 MGN63KH/A,별점,5,역쉬 맥북 입니다  빠른 배송 과 포장의 튼튼함은 기본이구요 참 좋아요
532,533,맥북 에어 2020년형 M1 256G 스페이스 그레이 MGN63KH/A,별점,5,빠른 배송 안전하게 물품수령 저렴한 가격 모두 만족이요
533,534,맥북 에어 2020년형 M1 256G 스페이스 그레이 MGN63KH/A,별점,5,맥북 빠르고 재밌네요  배송 빠르고 문제 없어요 
534,535,맥북 에어 2020년형 M1 256G 스페이스 그레이 MGN63KH/A,별점,5,번창하세요  빠른배송 고맙습니다
535,536,맥북 에어 2020년형 M1 256G 스페이스 그레이 MGN63KH/A,별점,5,배송 아주 빠르고 만족합니다
536,537,맥북 에어 2020년형 M1 256G 스페이스 그레이 MGN63KH/A,별점,5,예쁘게 잘 쓸게요      
537,538,맥북 에어 2020년형 M1 256G 스페이스 그레이 MGN63KH/A,별점,5,여기가 젤 싼거같아요
538,539,맥북 에어 2020년형 M1 256G 스페이스 그레이 MGN63KH/A,별점,5,배송이 짱 빨라요  
539,540,맥북 에어 2020년형 M1 256G 스페이스 그레이 MGN63KH/A,별점,5,너무 만족합니다 업무용으로 쓰려고 샀는데 가볍고 좋습니다
540,541,맥북 에어 2020년형 M1 256G 스페이스 그레이 MGN63KH/A,별점,5,기다리고 기다려 구매합니다  할인받아 더욱 기분좋네요
541,542,맥북 에어 2020년형 M1 256G 스페이스 그레이 MGN63KH/A,별점,5,배송 고생하셨습니다 감사합니다
542,543,맥북 에어 2020년형 M1 256G 스페이스 그레이 MGN63KH/A,별점,5,배송 진짜 빠르네요 물건은 양품으로 잘 왔고 잘 작동됩니다   
543,544,맥북 에어 2020년형 M1 256G 스페이스 그레이 MGN63KH/A,별점,5,만족만족만족 너무 좋아요 
544,545,맥북 에어 2020년형 M1 256G 스페이스 그레이 MGN63KH/A,별점,5,배송 잘 왔습니다 감사합니다 
545,546,맥북 에어 2020년형 M1 256G 스페이스 그레이 MGN63KH/A,별점,5,감사합니다 번창하세요 고맙습니다
546,547,맥북 에어 2020년형 M1 256G 스페이스 그레이 MGN63KH/A,별점,5,배송너무빨라영 
547,548,맥북 에어 2020년형 M1 256G 스페이스 그레이 MGN63KH/A,별점,5,빠른배송 감사합니다 
548,549,맥북 에어 2020년형 M1 256G 스페이스 그레이 MGN63KH/A,별점,5,맥린이 인데 트랙패드가 어렵네요 포장 상태 좋고 배송도 빨리 왓어요
549,550,맥북 에어 2020년형 M1 256G 스페이스 그레이 MGN63KH/A,별점,5,배송 엄청 빠르네요  놀랬어요  가격도 제일 저렴하고 너무 맘에 들어요
550,551,맥북 에어 2020년형 M1 256G 스페이스 그레이 MGN63KH/A,별점,5,몇년동안 고민만 한 맥북 가격이 저렴해서 큰맘먹고 질렀습니다
551,552,맥북 에어 2020년형 M1 256G 스페이스 그레이 MGN63KH/A,별점,5,역시 맥북입니다  아직 적응이 인돼서 버벅대긴하지만 아주 맘에 들어요 머니터가 아주 귀요미임   잘 쓰겠습니다  
552,553,맥북 에어 2020년형 M1 256G 스페이스 그레이 MGN63KH/A,별점,5,예상대로 업무용으로 잘 사용할 수 있겠습니다 윈도우즈와 다르지만 익숙하게 되는 것에는 문제가 없었습니다
553,554,맥북 에어 2020년형 M1 256G 스페이스 그레이 MGN63KH/A,별점,5,역시 맥북 가성비 좋고 무엇보다 디자인이 
554,555,맥북 에어 2020년형 M1 256G 스페이스 그레이 MGN63KH/A,별점,5,DFABADSFBAERHBasbvAWERG
555,556,맥북 에어 2020년형 M1 256G 스페이스 그레이 MGN63KH/A,별점,5,진짜 좋아요 가격이 넘 좋네요
556,557,맥북 에어 2020년형 M1 256G 스페이스 그레이 MGN63KH/A,별점,5,역시 애플입니다  간지나네요
557,558,맥북 에어 2020년형 M1 256G 스페이스 그레이 MGN63KH/A,별점,5,배송 빠르구여 아주 좋아여
558,559,맥북 에어 2020년형 M1 256G 스페이스 그레이 MGN63KH/A,별점,5,배송도 빠르고 만족합니다
559,560,맥북 에어 2020년형 M1 256G 스페이스 그레이 MGN63KH/A,별점,5,감사합니다  번창하세요  
560,561,맥북 에어 2020년형 M1 256G 스페이스 그레이 MGN63KH/A,별점,5,가성비 좋은 상품입니다 
561,562,맥북 에어 2020년형 M1 256G 스페이스 그레이 MGN63KH/A,별점,5,잘샀어요 딸이좋아해요
562,563,맥북 에어 2020년형 M1 256G 스페이스 그레이 MGN63KH/A,별점,5,배송도빠르고 안전하게 포장되어 배송되어서 좋아요 
563,564,맥북 에어 2020년형 M1 256G 스페이스 그레이 MGN63KH/A,별점,5,아직 개봉해 보지는 않았지만 빠른 배송 감사합니다 
564,565,맥북 에어 2020년형 M1 256G 스페이스 그레이 MGN63KH/A,별점,5,빠른배송 감사합니다  번창하세요   
565,566,맥북 에어 2020년형 M1 256G 스페이스 그레이 MGN63KH/A,별점,5,맥북이찮아요  말이 필요없이요  다 아주 마음에 들어요  M1 정말 속도가 대단하다  
566,567,맥북 에어 2020년형 M1 256G 스페이스 그레이 MGN63KH/A,별점,5,cto물량이 밀려서 5주 넘게 기다렸네요 물건자체는 양품으로 잘 왔어요
567,568,맥북 에어 2020년형 M1 256G 스페이스 그레이 MGN63KH/A,별점,5,아들이 넘 좋아라 하네요     아직까진 이상없이 잘쓰고 있어요  
568,569,맥북 에어 2020년형 M1 256G 스페이스 그레이 MGN63KH/A,별점,5,발열   소음이 없음  가끔 낯설어요  이게 노트북이 맞나  하고
569,570,맥북 에어 2020년형 M1 256G 스페이스 그레이 MGN63KH/A,별점,5,빠른배송 감사합니다  아직까지는 별이상없습니다 
570,571,맥북 에어 2020년형 M1 256G 스페이스 그레이 MGN63KH/A,별점,5,배송빠르고 제품 이상 없고 젛습니다
571,572,맥북 에어 2020년형 M1 256G 스페이스 그레이 MGN63KH/A,별점,5,배송도 빠르고 좋아요  
572,573,맥북 에어 2020년형 M1 256G 스페이스 그레이 MGN63KH/A,별점,5,너무 좋아요 역시 맥북
573,574,맥북 에어 2020년형 M1 256G 스페이스 그레이 MGN63KH/A,별점,5,고민은 배송을 늦출 뿐 무조건 사세요  완전 만족하면서 쓰고 있습니다 하자 없고 정품 맞아요 
574,575,맥북 에어 2020년형 M1 256G 스페이스 그레이 MGN63KH/A,별점,5,진짜 빠른배송 감사합니다  
575,576,맥북 에어 2020년형 M1 256G 스페이스 그레이 MGN63KH/A,별점,5,아주 강추  망설일 필요 없음 강추
576,577,맥북 에어 2020년형 M1 256G 스페이스 그레이 MGN63KH/A,별점,5,친절한 응대 빠른 배송 굿굿 감사합니다
577,578,맥북 에어 2020년형 M1 256G 스페이스 그레이 MGN63KH/A,별점,5,좋습니다  잘 사용할께요
578,579,맥북 에어 2020년형 M1 256G 스페이스 그레이 MGN63KH/A,별점,5,이벤트 있을 때 조금이라도 혜택을 보고 구입해서 좋네요  잘 받았습니다 
579,580,맥북 에어 2020년형 M1 256G 스페이스 그레이 MGN63KH/A,별점,5,제품좋고 배송빠르고 주문 하루만에왔어요  저렴하게 잘산거같아요 
580,581,맥북 에어 2020년형 M1 256G 스페이스 그레이 MGN63KH/A,별점,5,너무 좋네요 잘 사용할게요
581,582,맥북 에어 2020년형 M1 256G 스페이스 그레이 MGN63KH/A,별점,5,너무너무 좋아요 한 달 동안 너무 잘 사용 중입니다
582,583,맥북 에어 2020년형 M1 256G 스페이스 그레이 MGN63KH/A,별점,5,문제없이 잘 받앗습니다
583,584,맥북 에어 2020년형 M1 256G 스페이스 그레이 MGN63KH/A,별점,5,배송도 빠르고 좋아요 
584,585,맥북 에어 2020년형 M1 256G 스페이스 그레이 MGN63KH/A,별점,5,좋습니다 좋아요 아주좋아요 굿굿 베리굿 행복한 하루 보내세요 좋습니다 좋아요 아주좋아요 굿굿 베리굿 행복한 하루 보내세요 좋습니다 좋아요 아주좋아요 굿굿 베리굿 행복한 하루 보내세요
585,586,맥북 에어 2020년형 M1 256G 스페이스 그레이 MGN63KH/A,별점,5,성능이나 소음 이걸 다 잡은 애플 칭찬합니다 역시 대기업 애플 제품입니다
586,587,맥북 에어 2020년형 M1 256G 스페이스 그레이 MGN63KH/A,별점,5,너무 이뻐요    아직 제대로 써보지 않아서 불량인지는 모르겠어요  배송은 10일정도 걸렸습니다 
587,588,맥북 에어 2020년형 M1 256G 스페이스 그레이 MGN63KH/A,별점,5,빠른 배송과 안전배송 감사합니다 
588,589,맥북 에어 2020년형 M1 256G 스페이스 그레이 MGN63KH/A,별점,5,사용 후 등록하겠습니다 
589,590,맥북 에어 2020년형 M1 256G 스페이스 그레이 MGN63KH/A,별점,5,선물용으로 급하게 삿습니다  퀵으로 받아야 했는데 사장님께서 번거로우시지만 친절히 퀵배차도 해주시고 당일 날 받을수있어 좋았습니다 
590,591,맥북 에어 2020년형 M1 256G 스페이스 그레이 MGN63KH/A,별점,5,배송도 빠르게왔구요 상품이 양품으로 좋아요 굿이네요 추천합니다
591,592,맥북 에어 2020년형 M1 256G 스페이스 그레이 MGN63KH/A,별점,5,배송 빠르고 좋아요   딱 맘에 들어요 
592,593,맥북 에어 2020년형 M1 256G 스페이스 그레이 MGN63KH/A,별점,5,만족스럽습니다  배송도 빨랐어요 
593,594,맥북 에어 2020년형 M1 256G 스페이스 그레이 MGN63KH/A,별점,5,업무용으로 구매했는데 좋네요
594,595,맥북 에어 2020년형 M1 256G 스페이스 그레이 MGN63KH/A,별점,5,배송 빠르게 발 받았습니다 
595,596,맥북 에어 2020년형 M1 256G 스페이스 그레이 MGN63KH/A,별점,5,너무 좋아요  윈도우 보다 훨씬 빠르고 맥은 처음 써보는데 적응도 쉽게 했습니다 
596,597,맥북 에어 2020년형 M1 256G 스페이스 그레이 MGN63KH/A,별점,5,배송 빨리 오고 제품도 매우 마음에 듭니다
597,598,맥북 에어 2020년형 M1 256G 스페이스 그레이 MGN63KH/A,별점,5,딸내미 중학교 입학선물로 구매했습니다  디자인 좋고 평 좋은 M1칩이라 구매했습니다  잘 사용 하겠습니다
598,599,맥북 에어 2020년형 M1 256G 스페이스 그레이 MGN63KH/A,별점,5,배송도 빠르고 맥북에어 너무 좋네요 
599,600,맥북 에어 2020년형 M1 256G 스페이스 그레이 MGN63KH/A,별점,5,삼성노트북 살려고 하다가 애플 노트북 샀는데 너무 만족하고 쓰고 있습니다 굿    
600,601,맥북 에어 2020년형 M1 256G 스페이스 그레이 MGN63KH/A,별점,5,잘 받았습니다  색깔 예쁘도 성능 만족합니다   
601,602,맥북 에어 2020년형 M1 256G 스페이스 그레이 MGN63KH/A,별점,5,배송 완전 빠름 물건도 하자 없이 잘 되내요 정가보다 싸게 사서 만족입니다
602,603,맥북 에어 2020년형 M1 256G 스페이스 그레이 MGN63KH/A,별점,5,좋아요 애플기기만 사용하는데 확실히 좋네요
603,604,맥북 에어 2020년형 M1 256G 스페이스 그레이 MGN63KH/A,별점,5,안전하게 잘 받았습니다 
604,605,맥북 에어 2020년형 M1 256G 스페이스 그레이 MGN63KH/A,별점,5,맥북 처음 구매해보는데 어렵긴 하지만 예뻐서 다 커버되네요 그x이랑 이x2 고민하다가 맥북 샀는데 다른 거 샀으면 후회했을 것 같아요 12 14 주문  1 2일 택배 받았습니다 기본 양품 검사 했는데 다행히 정상이네요
605,606,맥북 에어 2020년형 M1 256G 스페이스 그레이 MGN63KH/A,별점,5,배송기간에대한 공지가 구매자간 잘안되는것같고 제품자체는 받아서 만족하고있습니다
606,607,맥북 에어 2020년형 M1 256G 스페이스 그레이 MGN63KH/A,별점,5,아주 훌륭합니다 저렴한 가격에 잘 이용합니다
607,608,맥북 에어 2020년형 M1 256G 스페이스 그레이 MGN63KH/A,별점,5,배송도 빠르고 친절하세요
608,1,맥북 에어 2020년형 M1 256G 스페이스 그레이 MGN63KH/A,별점,4,제헌절껴서 5일만에 택배받았구요  한글파일 열수가없어서 젤 아쉽지만 한글오피스인지 뭔가 구매해서 다운받음 볼수있다는디 프로사야되는데 맥북 에어로 잘못샀지만 이뻐서 만족해요 고장안나면 오래쓸거같아요  짐 아이폰6s도 5년째 고장없이 배터리 2번교체하고 잘 사용하고 있는데 그냥저냥 나에 첫 맥북 스그 만족해요 감사합니당    
609,2,맥북 에어 2020년형 M1 256G 스페이스 그레이 MGN63KH/A,별점,4,배송도 생각할 때 딱 맞춰 왔고  양품 받아서 좋습니다  다만  소비자가 꼼꼼히 체크 못한 부분도 있지만  1 1문의를 드렸을때 24시간 넘게 답변이 없어서 직접 전화해서 답변을 받을 수 밖에 없어서 답답한 부분이 있었습니다  개선되었으면 좋겠습니다  구매하시는분들 참고해주시고  감사합니다 
610,3,맥북 에어 2020년형 M1 256G 스페이스 그레이 MGN63KH/A,별점,4,예쁘지만 사용은 거의 안하고 있음 
611,4,맥북 에어 2020년형 M1 256G 스페이스 그레이 MGN63KH/A,별점,4,역시 맥북이죠  가격이 많이 떨어져서 슬플뿐  
612,5,맥북 에어 2020년형 M1 256G 스페이스 그레이 MGN63KH/A,별점,4,제품은 좋습니다  앱개발 때문에 구매했는데맥은 사용을 안해봐서 확실히 불편합니다  시간 지나면 익숙해 지겠죠  
613,6,맥북 에어 2020년형 M1 256G 스페이스 그레이 MGN63KH/A,별점,4,배송지연을 제외하고는 원하던 제품이라 마음에 듭니다 
614,7,맥북 에어 2020년형 M1 256G 스페이스 그레이 MGN63KH/A,별점,4,배송 빠르고 좋습니다  13인치는 처음인데 휴대하면서 사용하기 아주 좋네요
615,8,맥북 에어 2020년형 M1 256G 스페이스 그레이 MGN63KH/A,별점,4,애플인데 후기가 필요할까요  
616,9,맥북 에어 2020년형 M1 256G 스페이스 그레이 MGN63KH/A,별점,4,빨리 잘왔어요
617,10,맥북 에어 2020년형 M1 256G 스페이스 그레이 MGN63KH/A,별점,4,싸게 잘 샀어요 좋습니다
618,11,맥북 에어 2020년형 M1 256G 스페이스 그레이 MGN63KH/A,별점,4,만족합니다 아주좋네요
619,12,맥북 에어 2020년형 M1 256G 스페이스 그레이 MGN63KH/A,별점,4,편하고 좋기는 한데 원래 이렇게 재부팅 시 검정 화면 자주뜨나요      
620,13,맥북 에어 2020년형 M1 256G 스페이스 그레이 MGN63KH/A,별점,4,택배사 문제인지 뭔지 몰라도 배송은 좀 
621,14,맥북 에어 2020년형 M1 256G 스페이스 그레이 MGN63KH/A,별점,4,에어인데 가볍진 않아요  이상하기 맥북 프로랑 무게가 비슷하네요 
622,15,맥북 에어 2020년형 M1 256G 스페이스 그레이 MGN63KH/A,별점,4,아이가 마음에 들어하네요 
623,16,맥북 에어 2020년형 M1 256G 스페이스 그레이 MGN63KH/A,별점,4,잘 구매 합니다  많이 파세요 
624,17,맥북 에어 2020년형 M1 256G 스페이스 그레이 MGN63KH/A,별점,4,잘 구매 합니다 많이 파세요 
625,18,맥북 에어 2020년형 M1 256G 스페이스 그레이 MGN63KH/A,별점,4,배송이 늦었지만 좋았어요 
626,19,맥북 에어 2020년형 M1 256G 스페이스 그레이 MGN63KH/A,별점,4,상품이 깨끗하게 잘 오고 색도 이쁘네요
627,20,맥북 에어 2020년형 M1 256G 스페이스 그레이 MGN63KH/A,별점,4,배송도 빠르고 잘 받아봤습니다 
628,21,맥북 에어 2020년형 M1 256G 스페이스 그레이 MGN63KH/A,별점,4,만족 합니다
629,22,맥북 에어 2020년형 M1 256G 스페이스 그레이 MGN63KH/A,별점,4,좋아요 좋아요 좋아요 요
630,23,맥북 에어 2020년형 M1 256G 스페이스 그레이 MGN63KH/A,별점,4,아들 취업 선물로 큰 맘 먹고 구입했구요   아들 핸드폰이 아이폰이라 연동해서 사용 하려고 맥북을 선택했는데 너무 좋아해서 다행이네요   
631,24,맥북 에어 2020년형 M1 256G 스페이스 그레이 MGN63KH/A,별점,4,디자인도 고급스럽고 사용하기 편리합니다 
632,25,맥북 에어 2020년형 M1 256G 스페이스 그레이 MGN63KH/A,별점,4,한달 넘게 사용한 결과    앞으로 호환되는 프로그램이 많았으면 합니다  아직 윈도우 생태계에 익숙하지만 사용하다보면 점점 맥북 M1프로세서에 익숙해질 수 있을듯 합니다
633,26,맥북 에어 2020년형 M1 256G 스페이스 그레이 MGN63KH/A,별점,4,배송이 너무 빠르네요  감사합니다 양품 잘 받았습니다 
634,27,맥북 에어 2020년형 M1 256G 스페이스 그레이 MGN63KH/A,별점,4,빠른배송 좋았습니다
635,28,맥북 에어 2020년형 M1 256G 스페이스 그레이 MGN63KH/A,별점,4,램 CTO로 올렸더니 3주 정도 걸렸네요   제품은 정말 좋네요   
636,29,맥북 에어 2020년형 M1 256G 스페이스 그레이 MGN63KH/A,별점,4,좋아요   좋아용  
637,30,맥북 에어 2020년형 M1 256G 스페이스 그레이 MGN63KH/A,별점,4,잘받았습니다  문제없이 잘 왔네요
638,31,맥북 에어 2020년형 M1 256G 스페이스 그레이 MGN63KH/A,별점,4,배송빠르지만포장이좀아쉬웠어요
639,32,맥북 에어 2020년형 M1 256G 스페이스 그레이 MGN63KH/A,별점,4,문제 없이 잘 받았습니다만  배송 직원이 아무 연락도 없이 놓고 가서 시간 뒤에 알게 되었네요
640,33,맥북 에어 2020년형 M1 256G 스페이스 그레이 MGN63KH/A,별점,4,컴팩트하고  깔끔해요  성능은 사용전 
641,34,맥북 에어 2020년형 M1 256G 스페이스 그레이 MGN63KH/A,별점,4,아들이 필요하다 해서 구매 넘 좋아하니 저도 좋습니다
642,35,맥북 에어 2020년형 M1 256G 스페이스 그레이 MGN63KH/A,별점,4,선물하기 좋아요  감사합니다 
643,36,맥북 에어 2020년형 M1 256G 스페이스 그레이 MGN63KH/A,별점,4,만족
644,37,맥북 에어 2020년형 M1 256G 스페이스 그레이 MGN63KH/A,별점,4,잘받았습니다 잘받았습니다 잘받았습니다
645,38,맥북 에어 2020년형 M1 256G 스페이스 그레이 MGN63KH/A,별점,4,보통이에요              3             
646,39,맥북 에어 2020년형 M1 256G 스페이스 그레이 MGN63KH/A,별점,4,포장도 튼튼 하고 좋아요  
647,40,맥북 에어 2020년형 M1 256G 스페이스 그레이 MGN63KH/A,별점,4,색상도 좋고 쓰기편행 맥북 강추
648,41,맥북 에어 2020년형 M1 256G 스페이스 그레이 MGN63KH/A,별점,4,좋은 제품 싸게 잘 구매했어요
649,42,맥북 에어 2020년형 M1 256G 스페이스 그레이 MGN63KH/A,별점,4,디지인은 굿입니다    성능은 그럭저럭 사용할 만하네요    아직 많이 사용을 안해봐서 잘 모르지만 지금까지는 만족합니다     
650,43,맥북 에어 2020년형 M1 256G 스페이스 그레이 MGN63KH/A,별점,4,배송 빠르네요 굿굿
651,44,맥북 에어 2020년형 M1 256G 스페이스 그레이 MGN63KH/A,별점,4,감사합니다  조심히 잘왔어요
652,45,맥북 에어 2020년형 M1 256G 스페이스 그레이 MGN63KH/A,별점,4,오래걸렸지만 만족해요   
653,46,맥북 에어 2020년형 M1 256G 스페이스 그레이 MGN63KH/A,별점,4,괜찮아요 뭐 애플이니까
654,47,맥북 에어 2020년형 M1 256G 스페이스 그레이 MGN63KH/A,별점,4,빠르게 잘 도착했습니다 
655,48,맥북 에어 2020년형 M1 256G 스페이스 그레이 MGN63KH/A,별점,4,배송 늦은것 빼고 만족합니다
656,1,맥북 에어 2020년형 M1 256G 스페이스 그레이 MGN63KH/A,별점,3,예전 맥북보다 좀 무거워요  그래도 쌩쌩 돌아가니깐 좋네요  날씨 때문에 배송은 느렸어요 
657,2,맥북 에어 2020년형 M1 256G 스페이스 그레이 MGN63KH/A,별점,3,배송이 너무 느려요
658,3,맥북 에어 2020년형 M1 256G 스페이스 그레이 MGN63KH/A,별점,3,배송은 일주일걸렸어요첫주문에 찍힌자국때문에 반품하고두번째도 몇개 찍혀있던데고질병인거 같아 그냥 쓰기로햇습니다
659,4,맥북 에어 2020년형 M1 256G 스페이스 그레이 MGN63KH/A,별점,3,배송이 너무 늦었어요    통화할때 2주면 된다고해서 여기서 주문했었는데   보니까 다른곳들도 제품입고 늦는건 마찬가지인거같고요  아무튼 제품은 잘 받았습니다
660,5,맥북 에어 2020년형 M1 256G 스페이스 그레이 MGN63KH/A,별점,3,잘받았습니다 빠른배송 감사합니다 저렴하게 잘 구입한듯
661,1,맥북 에어 2020년형 M1 256G 스페이스 그레이 MGN63KH/A,별점,2,배송이 cj대한통운 집화점 문제겠지만  이동이 너무 늦네요  화요일 출발 토요일 도착 외에는 만족합니다 
662,1,맥북 에어 2020년형 M1 256G 스페이스 그레이 MGN63KH/A,별점,1,10 3 주문 10 8배송배송은 얼마든지 느려질수 있다고 생각하나 공지도 없었으며  택배는 발송했으니 배송관련해서는 택배사에 문의하라고 하지를 않나  질문에 대한 무성의한 답변 등 간만에 멋진    판매자에게 구매했음 반품하고 싶었으나 배송비 부담하라고 할 것이 뻔해보이고  구매를 해야만 이러한 평을 남길 수 있어서 구매결정함  진상고객으로 보여질 수 있으나  단지 배송관련해서 답답했을 뿐입니다  
663,2,맥북 에어 2020년형 M1 256G 스페이스 그레이 MGN63KH/A,별점,1,제품은 좋아요    배송도 빨랐구요  근데  공식 애플 스토어  라고 달아놓은게 맞긴한건가요   당연히 공식 리셀러라고 생각하고 제품 샀는데 애플에서는 여기가 공식 리셀러가 아니라고 하고    공식리셀러 인증이 안되어서 회사용 기기등록도 못했어요  공식 리셀러시면 리셀러 ID를 알려주세요  ABM등록해야해요 
664,3,맥북 에어 2020년형 M1 256G 스페이스 그레이 MGN63KH/A,별점,1,저 화면에서 렉이걸려서 암것도안되고 강제종료조차 안돼고 별루네요   
665,4,맥북 에어 2020년형 M1 256G 스페이스 그레이 MGN63KH/A,별점,1,대구에서 서울까지 오는데 박스포장을 못하면 뽁뽁이라도 해서 보냈어야죠  노트북만 달랑 보냅니까  포장좀 신경쓰세요 
666,5,맥북 에어 2020년형 M1 256G 스페이스 그레이 MGN63KH/A,별점,1,주문한지 한달 넘었고 전화도 안 받네요  더 걸릴 것 같으면 취소라도 하고 싶은데 
